-- phpMyAdmin SQL Dump
-- version 5.1.1
-- https://www.phpmyadmin.net/
--
-- Host: 127.0.0.1:3306
-- Generation Time: Jul 08, 2023 at 12:18 AM
-- Server version: 10.5.19-MariaDB-cll-lve
-- PHP Version: 7.2.34

SET SQL_MODE = "NO_AUTO_VALUE_ON_ZERO";
START TRANSACTION;
SET time_zone = "+00:00";


/*!40101 SET @OLD_CHARACTER_SET_CLIENT=@@CHARACTER_SET_CLIENT */;
/*!40101 SET @OLD_CHARACTER_SET_RESULTS=@@CHARACTER_SET_RESULTS */;
/*!40101 SET @OLD_COLLATION_CONNECTION=@@COLLATION_CONNECTION */;
/*!40101 SET NAMES utf8mb4 */;

--
-- Database: `u365833463_geophilia`
--

-- --------------------------------------------------------

--
-- Table structure for table `admins`
--

CREATE TABLE `admins` (
  `id` bigint(20) UNSIGNED NOT NULL,
  `name` varchar(255) NOT NULL,
  `email` varchar(255) NOT NULL,
  `password` varchar(255) NOT NULL,
  `remember_token` varchar(100) DEFAULT NULL,
  `created_at` timestamp NULL DEFAULT NULL,
  `updated_at` timestamp NULL DEFAULT NULL
) ENGINE=InnoDB DEFAULT CHARSET=utf8mb4 COLLATE=utf8mb4_unicode_ci;

--
-- Dumping data for table `admins`
--

INSERT INTO `admins` (`id`, `name`, `email`, `password`, `remember_token`, `created_at`, `updated_at`) VALUES
(1, 'Mohamed', 'admin@admin.com', '$2y$10$l52loKvhlJQ64TrdhLyBWO5VBu8CBjK8IfFe0ipnCFLxUE4n1B99G', NULL, '2022-07-08 09:01:56', '2022-07-08 09:01:56');

-- --------------------------------------------------------

--
-- Table structure for table `brands`
--

CREATE TABLE `brands` (
  `id` bigint(20) UNSIGNED NOT NULL,
  `brand` varchar(255) NOT NULL,
  `link` varchar(255) NOT NULL,
  `photo` varchar(255) NOT NULL,
  `created_at` timestamp NULL DEFAULT NULL,
  `updated_at` timestamp NULL DEFAULT NULL
) ENGINE=InnoDB DEFAULT CHARSET=utf8mb4 COLLATE=utf8mb4_unicode_ci;

-- --------------------------------------------------------

--
-- Table structure for table `failed_jobs`
--

CREATE TABLE `failed_jobs` (
  `id` bigint(20) UNSIGNED NOT NULL,
  `uuid` varchar(255) NOT NULL,
  `connection` text NOT NULL,
  `queue` text NOT NULL,
  `payload` longtext NOT NULL,
  `exception` longtext NOT NULL,
  `failed_at` timestamp NOT NULL DEFAULT current_timestamp()
) ENGINE=InnoDB DEFAULT CHARSET=utf8mb4 COLLATE=utf8mb4_unicode_ci;

-- --------------------------------------------------------

--
-- Table structure for table `footers`
--

CREATE TABLE `footers` (
  `id` bigint(20) UNSIGNED NOT NULL,
  `name` varchar(255) NOT NULL,
  `action` varchar(255) NOT NULL,
  `created_at` timestamp NULL DEFAULT NULL,
  `updated_at` timestamp NULL DEFAULT NULL
) ENGINE=InnoDB DEFAULT CHARSET=utf8mb4 COLLATE=utf8mb4_unicode_ci;

--
-- Dumping data for table `footers`
--

INSERT INTO `footers` (`id`, `name`, `action`, `created_at`, `updated_at`) VALUES
(1, 'facebook', 'https://www.facebook.com/GeophiliaWeb/', '2022-07-08 09:01:56', '2022-07-16 10:01:35'),
(2, 'twitter', 'https://twitter.com/geophiliaweb', '2022-07-08 09:01:56', '2022-07-16 10:04:26'),
(3, 'instagram', 'https://www.instagram.com/geophiliaweb/', '2022-07-08 09:01:56', '2022-07-16 10:01:50'),
(4, 'tumblr', 'https://geophiliaweb.tumblr.com/', '2022-07-08 09:01:56', '2022-07-16 10:06:44'),
(5, 'linkedin', 'https://www.linkedin.com/company/geophiliaweb/', '2022-07-08 09:01:56', '2022-11-03 20:21:54'),
(6, 'youtube', 'https://www.youtube.com/channel/UCZrhAnP30GPCDoJGmMVbF_w', '2022-07-08 09:01:56', '2022-07-16 10:04:42'),
(7, 'soundcloud', 'https://soundcloud.com/geophiliaweb', '2022-07-08 09:01:56', '2022-07-16 10:02:46'),
(8, 'pinterest', 'https://www.pinterest.com/', '2022-07-08 09:01:56', '2022-07-08 09:01:56'),
(9, 'Phone', '01114410415', '2022-07-08 09:01:56', '2022-07-16 10:08:47'),
(10, 'email', 'info@geophilia.net', '2022-07-08 09:01:56', '2022-07-08 09:01:56');

-- --------------------------------------------------------

--
-- Table structure for table `main_categories`
--

CREATE TABLE `main_categories` (
  `id` bigint(20) UNSIGNED NOT NULL,
  `name` varchar(255) NOT NULL,
  `created_at` timestamp NULL DEFAULT NULL,
  `updated_at` timestamp NULL DEFAULT NULL
) ENGINE=InnoDB DEFAULT CHARSET=utf8mb4 COLLATE=utf8mb4_unicode_ci;

--
-- Dumping data for table `main_categories`
--

INSERT INTO `main_categories` (`id`, `name`, `created_at`, `updated_at`) VALUES
(1, 'صخور', '2022-07-08 09:01:56', '2022-07-28 01:57:45'),
(5, 'فلك وعلوم فضاء', '2022-07-08 09:01:56', '2022-11-08 10:11:16'),
(7, 'مُنوعات', '2022-07-16 10:46:25', '2022-11-07 23:14:45'),
(11, 'معادن', '2022-07-28 01:58:04', '2022-07-28 01:58:04'),
(12, 'حفريات', '2022-07-28 01:58:18', '2022-07-28 01:58:18'),
(14, 'سؤال على السريع', '2022-08-11 17:29:09', '2022-11-07 23:29:02'),
(19, 'منتدى الجيولوجيين العرب', '2022-09-20 10:16:27', '2022-11-13 17:43:06');

-- --------------------------------------------------------

--
-- Table structure for table `migrations`
--

CREATE TABLE `migrations` (
  `id` int(10) UNSIGNED NOT NULL,
  `migration` varchar(255) NOT NULL,
  `batch` int(11) NOT NULL
) ENGINE=InnoDB DEFAULT CHARSET=utf8mb4 COLLATE=utf8mb4_unicode_ci;

--
-- Dumping data for table `migrations`
--

INSERT INTO `migrations` (`id`, `migration`, `batch`) VALUES
(1, '2014_10_12_000000_create_users_table', 1),
(2, '2014_10_12_100000_create_password_resets_table', 1),
(3, '2019_08_19_000000_create_failed_jobs_table', 1),
(4, '2019_12_14_000001_create_personal_access_tokens_table', 1),
(5, '2021_10_27_205452_laratrust_setup_tables', 1),
(6, '2021_11_04_141247_create_admins_table', 1),
(7, '2022_05_16_141159_create_footers_table', 1),
(8, '2022_05_17_084659_create_brands_table', 1),
(9, '2022_05_17_095900_create_orders_table', 1),
(10, '2022_05_17_115329_create_sliders_table', 1),
(11, '2022_07_05_180534_create_main_categories_table', 1),
(12, '2022_07_06_134520_create_voices_table', 1),
(13, '2022_07_16_153937_create_reviews_table', 1);

-- --------------------------------------------------------

--
-- Table structure for table `orders`
--

CREATE TABLE `orders` (
  `id` bigint(20) UNSIGNED NOT NULL,
  `number` varchar(255) NOT NULL,
  `status` varchar(255) NOT NULL,
  `created_at` timestamp NULL DEFAULT NULL,
  `updated_at` timestamp NULL DEFAULT NULL
) ENGINE=InnoDB DEFAULT CHARSET=utf8mb4 COLLATE=utf8mb4_unicode_ci;

-- --------------------------------------------------------

--
-- Table structure for table `password_resets`
--

CREATE TABLE `password_resets` (
  `email` varchar(255) NOT NULL,
  `token` varchar(255) NOT NULL,
  `created_at` timestamp NULL DEFAULT NULL
) ENGINE=InnoDB DEFAULT CHARSET=utf8mb4 COLLATE=utf8mb4_unicode_ci;

-- --------------------------------------------------------

--
-- Table structure for table `permissions`
--

CREATE TABLE `permissions` (
  `id` bigint(20) UNSIGNED NOT NULL,
  `name` varchar(255) NOT NULL,
  `display_name` varchar(255) DEFAULT NULL,
  `description` varchar(255) DEFAULT NULL,
  `created_at` timestamp NULL DEFAULT NULL,
  `updated_at` timestamp NULL DEFAULT NULL
) ENGINE=InnoDB DEFAULT CHARSET=utf8mb4 COLLATE=utf8mb4_unicode_ci;

--
-- Dumping data for table `permissions`
--

INSERT INTO `permissions` (`id`, `name`, `display_name`, `description`, `created_at`, `updated_at`) VALUES
(1, 'categories_create', 'Create Categories', 'Create Categories', '2022-07-08 09:01:55', '2022-07-08 09:01:55'),
(2, 'categories_read', 'Read Categories', 'Read Categories', '2022-07-08 09:01:55', '2022-07-08 09:01:55'),
(3, 'categories_update', 'Update Categories', 'Update Categories', '2022-07-08 09:01:55', '2022-07-08 09:01:55'),
(4, 'categories_delete', 'Delete Categories', 'Delete Categories', '2022-07-08 09:01:55', '2022-07-08 09:01:55'),
(5, 'products_create', 'Create Products', 'Create Products', '2022-07-08 09:01:55', '2022-07-08 09:01:55'),
(6, 'products_read', 'Read Products', 'Read Products', '2022-07-08 09:01:55', '2022-07-08 09:01:55'),
(7, 'products_update', 'Update Products', 'Update Products', '2022-07-08 09:01:55', '2022-07-08 09:01:55'),
(8, 'products_delete', 'Delete Products', 'Delete Products', '2022-07-08 09:01:55', '2022-07-08 09:01:55'),
(9, 'clients_create', 'Create Clients', 'Create Clients', '2022-07-08 09:01:55', '2022-07-08 09:01:55'),
(10, 'clients_read', 'Read Clients', 'Read Clients', '2022-07-08 09:01:55', '2022-07-08 09:01:55'),
(11, 'clients_update', 'Update Clients', 'Update Clients', '2022-07-08 09:01:55', '2022-07-08 09:01:55'),
(12, 'clients_delete', 'Delete Clients', 'Delete Clients', '2022-07-08 09:01:55', '2022-07-08 09:01:55'),
(13, 'orders_create', 'Create Orders', 'Create Orders', '2022-07-08 09:01:55', '2022-07-08 09:01:55'),
(14, 'orders_read', 'Read Orders', 'Read Orders', '2022-07-08 09:01:55', '2022-07-08 09:01:55'),
(15, 'orders_update', 'Update Orders', 'Update Orders', '2022-07-08 09:01:55', '2022-07-08 09:01:55'),
(16, 'orders_delete', 'Delete Orders', 'Delete Orders', '2022-07-08 09:01:55', '2022-07-08 09:01:55'),
(17, 'users_create', 'Create Users', 'Create Users', '2022-07-08 09:01:55', '2022-07-08 09:01:55'),
(18, 'users_read', 'Read Users', 'Read Users', '2022-07-08 09:01:55', '2022-07-08 09:01:55'),
(19, 'users_update', 'Update Users', 'Update Users', '2022-07-08 09:01:55', '2022-07-08 09:01:55'),
(20, 'users_delete', 'Delete Users', 'Delete Users', '2022-07-08 09:01:55', '2022-07-08 09:01:55');

-- --------------------------------------------------------

--
-- Table structure for table `permission_role`
--

CREATE TABLE `permission_role` (
  `permission_id` bigint(20) UNSIGNED NOT NULL,
  `role_id` bigint(20) UNSIGNED NOT NULL
) ENGINE=InnoDB DEFAULT CHARSET=utf8mb4 COLLATE=utf8mb4_unicode_ci;

--
-- Dumping data for table `permission_role`
--

INSERT INTO `permission_role` (`permission_id`, `role_id`) VALUES
(1, 1),
(2, 1),
(3, 1),
(4, 1),
(5, 1),
(6, 1),
(7, 1),
(8, 1),
(9, 1),
(10, 1),
(11, 1),
(12, 1),
(13, 1),
(14, 1),
(15, 1),
(16, 1),
(17, 1),
(18, 1),
(19, 1),
(20, 1);

-- --------------------------------------------------------

--
-- Table structure for table `permission_user`
--

CREATE TABLE `permission_user` (
  `permission_id` bigint(20) UNSIGNED NOT NULL,
  `user_id` bigint(20) UNSIGNED NOT NULL,
  `user_type` varchar(255) NOT NULL
) ENGINE=InnoDB DEFAULT CHARSET=utf8mb4 COLLATE=utf8mb4_unicode_ci;

-- --------------------------------------------------------

--
-- Table structure for table `personal_access_tokens`
--

CREATE TABLE `personal_access_tokens` (
  `id` bigint(20) UNSIGNED NOT NULL,
  `tokenable_type` varchar(255) NOT NULL,
  `tokenable_id` bigint(20) UNSIGNED NOT NULL,
  `name` varchar(255) NOT NULL,
  `token` varchar(64) NOT NULL,
  `abilities` text DEFAULT NULL,
  `last_used_at` timestamp NULL DEFAULT NULL,
  `created_at` timestamp NULL DEFAULT NULL,
  `updated_at` timestamp NULL DEFAULT NULL
) ENGINE=InnoDB DEFAULT CHARSET=utf8mb4 COLLATE=utf8mb4_unicode_ci;

-- --------------------------------------------------------

--
-- Table structure for table `reviews`
--

CREATE TABLE `reviews` (
  `id` bigint(20) UNSIGNED NOT NULL,
  `review` varchar(255) NOT NULL,
  `details` text NOT NULL,
  `photo` varchar(255) NOT NULL,
  `cat_id` bigint(20) UNSIGNED NOT NULL,
  `created_at` timestamp NULL DEFAULT NULL,
  `updated_at` timestamp NULL DEFAULT NULL
) ENGINE=InnoDB DEFAULT CHARSET=utf8mb4 COLLATE=utf8mb4_unicode_ci;

--
-- Dumping data for table `reviews`
--

INSERT INTO `reviews` (`id`, `review`, `details`, `photo`, `cat_id`, `created_at`, `updated_at`) VALUES
(22, 'صخر الجرانيت', '<ul>\r\n	<li>\r\n	<h3><strong>ما هو الجرانيت؟</strong></h3>\r\n	</li>\r\n</ul>\r\n\r\n<p>الجرانيت هو صخرة نارية ذات لون فاتح مع حبيبات كبيرة بما يكفي لتكون مرئية بالعين المجردة. يتشكل من التبلور البطيء للصهارة تحت سطح الأرض. يتكون الجرانيت بشكل أساسي من الكوارتز والفلسبار بكميات قليلة من الميكا والأمفيبولات والمعادن الأخرى. عادةً ما تعطي هذه التركيبة المعدنية الجرانيت لونًا أحمر أو ورديًا أو رماديًا أو أبيض مع وجود حبيبات معدنية داكنة مرئية في جميع أنحاء الصخر.</p>\r\n\r\n<p>&nbsp;</p>\r\n\r\n<ul>\r\n	<li>\r\n	<h3><strong>الجرانيت الأكثر تواجداً</strong></h3>\r\n	</li>\r\n</ul>\r\n\r\n<p>الجرانيت هو أشهر الصخور النارية. يتعرف الكثير من الناس على الجرانيت لأنه أكثر الصخور النارية شيوعًا الموجودة على سطح الأرض ولأن الجرانيت يستخدم في صنع العديد من الأشياء التي يوجهونها في الحياة اليومية. وتشمل هذه أسطح العمل، وبلاط الأرضيات، وحجر الرصف، ودرج السلالم، وواجهة المبني. يُستخدم الجرانيت في كل مكان حولنا، خاصةً إذا كنت تعيش في مدينة حديثة كبيرة.</p>\r\n\r\n<p>&nbsp;</p>\r\n\r\n<ul>\r\n	<li>\r\n	<h3><strong>الجرانيت والقشرة الأرضية القارية</strong></h3>\r\n	</li>\r\n</ul>\r\n\r\n<p>تشير كتب الجيولوجيا المختلفة والرصينة علمياً إلى أن الجرانيت هو الصخور الأكثر وفرة في القشرة القارية. على السطح، ينكشف الجرانيت في قلب العديد من سلاسل الجبال، وداخل مناطق واسعة تُعرف باسم باثوليث، وفي المناطق الأساسية للقارات المعروفة باسم الدروع. تعتبر البلورات المعدنية الكبيرة في الجرانيت دليلاً على أنها بردت ببطء من مادة الصخور المنصهرة. يجب أن يحدث هذا التبريد البطيء تحت سطح الأرض وتطلب فترة طويلة من الوقت لحدوثه. إذا تم الكشف عن هذه الجرانيت على السطح اليوم، فإن الطريقة الوحيدة التي يمكن أن تحدث هي إذا تم رفع صخور الجرانيت وتآكل الصخور الموجودة فوقها.</p>\r\n\r\n<p>&nbsp;</p>\r\n\r\n<ul>\r\n	<li>\r\n	<h3><strong>ما هو زمن الجرانيتات في العموم؟</strong></h3>\r\n	</li>\r\n</ul>\r\n\r\n<p>تنتشر الصخور الجرانيتية على نطاق واسع في جميع أنحاء القشرة الأرضية القارية، حيث تم تكوين الكثير منها خلال عصر ما قبل الكمبري؛ إنه من صخور القاعيَّة الأكثر وفرة التي تكمن وراء القشرة الرسوبية الرقيقة نسبيًا للقارات. تميل الجرانيتات إلى تشكيل كتل، وقباب، وكتل مستديرة.</p>\r\n\r\n<p>&nbsp;</p>\r\n\r\n<ul>\r\n	<li>\r\n	<h3><strong>ما هي الأشكال التي يتواجد عليها الجرانيت في الطبيعة؟</strong></h3>\r\n	</li>\r\n</ul>\r\n\r\n<p>قد يحدث الجرانيت في هيئة قواطع رأسية أو أفقية (<span dir=\"LTR\">dykes or sills</span>)، وهي أجسام يتم حقنها في شقوق وإدخالها بين الصخور الأخرى، ولكن الأكثر تميزًا أنها تشكل كتلًا غير منتظمة ذات حجم متغير للغاية، تتراوح من أقل من ثماني كيلومترات بأبعاد قصوى إلى كتل أكبر تُسمى الباثوليث، والتي تبلغ مساحتها غالبًا مئات أو آلاف الكيلومترات المربعة.</p>\r\n\r\n<p>&nbsp;</p>\r\n\r\n<ul>\r\n	<li>\r\n	<h3><strong>ما هو التركيب المعدني لصخور الجرانيت؟</strong></h3>\r\n	</li>\r\n</ul>\r\n\r\n<p>المكون الرئيسي للجرانيت هو الفلسبار. عادة ما يكون كل من الفلسبار البلاجيوكلازي، والفلسبار القلوي وفيرًا فيه، ووفرته النسبية أساسًا لتصنيفات الجرانيت. في معظم الجرانيت، تكون نسبة الفلسبار السائد إلى الفلسبار الفرعي أقل من اثنين. الصخور التي تحتوي على أقل من 20 في المائة من الكوارتز لا يُطلق عليها مطلقًا اسم الجرانيت، ونادرًا ما تسمى الصخور التي تحتوي على أكثر من 20 في المائة (بالحجم) من المعادن الداكنة أو الحديدية بالجرانيت. قد تشمل المعادن الأساسية الثانوية للجرانيت المسكوفيت أو البيوتايت أو الأمفيبول أو البيروكسين. قد يوجد البيوتايت في الجرانيت من أي نوع وعادةً ما يكون موجودًا، وإن كان بكميات صغيرة جدًا في بعض الأحيان، وإذا لم يكن الفلسبار فائضًا بشكل كبير، فمن المحتمل ألا يكون الأمفيبول ولا البيروكسين مكونًا أساسيًا؛ تكون المعادن الأخرى عادة إما البيوتايت أو المسكوفيت أو كليهما.</p>\r\n\r\n<p>&nbsp;</p>\r\n\r\n<ul>\r\n	<li>\r\n	<h3><strong>ما هي أهم استخدامات الجرانيت؟</strong></h3>\r\n	</li>\r\n</ul>\r\n\r\n<p>الجرانيت هو الصخر الذي يتم استخراجه غالبًا باعتباره حجر أبعاد أو <span dir=\"LTR\">dimension stone</span> (مادة صخرية طبيعية يتم تقطيعها إلى كتل أو ألواح ذات طول وعرض وسمك معين). الجرانيت صلب بما يكفي لمقاومة التآكل، قوي بما يكفي لتحمل وزن كبير، خامل بما يكفي لمقاومة العوامل الجوية، كما أنه يقبل طلاء لامع. هذه الخصائص تجعله حجر بُعد مرغوب فيه ومفيد للغاية. يستخدم الجرانيت أيضًا كحجر مكسر أو حصى. في هذا النموذج، يتم استخدامه كمواد أساسية في مواقع البناء، وفي بناء الطرق، وثقل السكك الحديدية، والأساسات، وفي أي مكان يكون فيه الحجر المسحوق مفيدًا. يتم استخدام الجرانيت الخام المصقول في المباني والجسور والأرصفة والآثار والعديد من المشاريع الخارجية الأخرى. تُستخدم ألواح الجرانيت المصقولة والبلاط كسطح عمل، وبلاط أرضيات، ودرج سلالم، والعديد من الميزات العملية والزخرفية الأخرى.</p>', 'IWjePXh63Qydo0Wfkd2tI0NEkh81kBeecg5aoCvZ.jpg', 1, '2022-07-27 15:12:30', '2022-11-08 10:37:31'),
(23, 'ما هي أهم الطرق الجيوفيزيائية في الاستكشافات الجيولوجية؟', '<p>علم الجيوفيزياء الاستكشافية هو ذلك العلم التطبيقي للجيوفيزياء وأحد فروعها، والذي يعتمد على قياس بعض الخواص الفيزيائية لطبقةٍ أرضيةٍ ما تحت السطح، مثل الكثافة والتي هي في حد ذاتها مهمة جداً في الاستكشاف الجيوفيزيائي للطبقات التي تحتوي على بترول أو نفط، أو حتى الماء، لأنه من المعروف أن كثافة الماء أعلى من كثافة البترول أو النفط، لِذَا عند تواجد زيت نفطي وماء فإن الماء يكون بالأعلى والزيت النفطي هذا تحته، وهذا هو أحد أهميّات عامل الكثافة كأحد أهم وأفضل المعاملات التي يتم قياسها أثناء الاستكشاف الجيوفيزيائي لطبقة ما تحت سطح الأرض. كذلك من ضمن أهم الأسباب التي يتم عمل استكشاف جيوفيزيائي أيضاً لطبقة ما تحت السطح هي تحديد أماكن هذه المواد الاقتصادية مثل الرسوبيات المعدنية ورواسب الخامات المعدنية، وأيضاً أماكن تواجد الهيدروكربونات والخزانات الحرارية الأرضية، وخزانات المياه الجوفية وغيرها مثل تحديد إذا ما كانت هُناك بِنَى جيولوجية تحت السطح مثل الفوالق (الصدوع) والتي تؤثر على قوة حمل الطبقات الأرضية السطحية لمرتفعات ما، مثل المنازل والمنشآت السكنية وغيرها.</p>\r\n\r\n<p>&nbsp;</p>\r\n\r\n<p>&nbsp; &nbsp; &nbsp; &nbsp; &nbsp; &nbsp; &nbsp; &nbsp; &nbsp; &nbsp; &nbsp; &nbsp; &nbsp; &nbsp; &nbsp; &nbsp; &nbsp; &nbsp; &nbsp; &nbsp; &nbsp; &nbsp; &nbsp; &nbsp; &nbsp; &nbsp; &nbsp; &nbsp; &nbsp; &nbsp; &nbsp; &nbsp; &nbsp; &nbsp; &nbsp; &nbsp; &nbsp; &nbsp; &nbsp;&nbsp;<img alt=\"\" src=\"https://media.springernature.com/lw685/springer-static/image/chp%3A10.1007%2F978-94-017-9924-9_16/MediaObjects/299730_1_En_16_Fig1_HTML.gif?as=webp\" style=\"height:223px; width:420px\" /></p>\r\n\r\n<p>- حيث أن:&nbsp;Geophysical measurements: (<strong>a</strong>) Airborne or satellite remote sensing. (<strong>b</strong>) Surface geophysics. (<strong>c</strong>) Marine geophysics. (<strong>d</strong>) Downhole geophysics</p>\r\n\r\n<p>&nbsp;</p>\r\n\r\n<p>ويتم من خلال استخدام بعض العوامل الفيزيائية مثل الزلزالية والجاذبية والمغناطيسية والكهربائية والكهرومغناطيسية كعوامل مهمة للاستكشاف الجيوفيزيائي قياس الخصائص الفيزيائية للصخور والبنية الصخرية التحت سطحية، وعلى وجه الخصوص.. يتم تطبيقها لمعرفة الاختلاف في مثل هذه العوامل سالفة الذِكر بين طبقة وأخرى، ومِن ثَمَّ معرفة الطبقات التي تحتوي على خام معدني أو هيدروكربونات وتلك التي لا تحتوي فيسهل بالتبيعة استخراج مثل هذه المواد الاقتصادية الهامة.</p>\r\n\r\n<p>&nbsp;</p>\r\n\r\n<p>نظراً لاختلاف مثل هذه العوامل الفيزيائية ســالِـفة الذِكر، فيمكن أن يتم استخدام الجيوفيزياء الاستكشافية بشكل مباشر للكشف عن التمعدن والأسلوب المُستهدَف للتمعدن أسفل سطح الأرض، في طبقات قد تبعُد أو تقرُب من سطح الأرض، تحت سطح الأرض، فعلى سبيل المثال، يمكن قياس الاختلاف في عامل الكثافة بين طبقة حاوية على خام اقتصادي مثل الحديد أو الفضة أو الذهب وبين صخور السيليكات، أو مثلاً قياس وتحديد تلك التباينات والاختلافات بين التوصيلية الكهربائية لمعادن الكبريتيدات الموصلة للكهرباء ومعادن السيليكات الغير موصلة بالمرة، ومِن ثَمَّ فإن الاستكشاف الجيوفيزيائي مهم وحيوي في التعرف على كثيرٍ من الخواص الجيولوجية للصخور، مثل المثال ســالِـف وهو تحديد مدى قدرة الصخور السطحية على تحمُّل المباني والمنشآت فوقها، وقد اتخذت كل الدول والبلدان قراراً بعدم بناء أي منشآت سكنية أو غيرها، سواءً كانت شعبية أو حكومية بدون عمل استكشاف جيوفيزيائي لهذه المنطقة أولاً، وهذا يشير إلى أهمية علم الاستكشاف الجيوفيزيائي بشكل خاص، وأهمية الجيولوجيا وتطبيقاتها بشكل عام.</p>\r\n\r\n<p>&nbsp;</p>\r\n\r\n<p>ومن أهم وأشهر الطرق الجيوفيزيائية التي تُستخدم في استكشاف الطبقات والبنيويات الجيولوجية التحت سطحية ومعرفة ما إذا كان هناك طبقات تحت السطح تحتوي على هيدروكربونات أو نفط وغيره، مُختَصرَة كما يلي:</p>\r\n\r\n<p>1) الطرق السيزمية، مثل الاستكشاف السيزمي الانعكاسي، ويتم الاستكشاف السيزمي عن طريق تسليط وخلق موجة زلزالية اصطناعية على الأرض ومِن ثَمَ استقبال الموجات المُنعكسَة عن طريق مستقبلات تُزرع في أرض المنطقة التي يتم استكشافها، وأيضاً من أهم الأمثلة عل الطرق السيزمية.. الانكسار السيزمي والتصوير الشعاعي السيزمي.</p>\r\n\r\n<p>2) الاستكشاف التثاقلي، وفيه يتم تطبيق بعض خواص وقوانين الفيزياء لقياس الاختلاف في جاذبية الطبقات التحت سطحية في منطقة الدراسة، وتسمى قياس التدرج التثاقلي.</p>\r\n\r\n<p>3) المسح المغناطيسي، ومن أحد أهم فروعه هو المسح المغناطيسي الجوي، وفيه يتم وضع بعض أجهزة الاستكشاف الجيوفيزيائي في طائرة مُجهزَة ومُعدَّة لذلك، بحيث تمر الطائرة هذه فوق منطقة الدراسة والتي في الغالب تكون في عرض البحر (أي تمر الطائرة فوق منطقة الدراسة التي تتواجد في البحر)، وذلك لدراسة الطبقات التحت سطحية تحت قاع البحر أو المحيط التي تمر الطائرة فوقه.</p>\r\n\r\n<p>4) المسح الكهربي، ويعتمد هذا النوع من الاستكشاف على الاختلاف في المقاومة الكهربية بين الطبقات المختلفة، ويشتمل هذا النوع (المسح الاستكشافي الكهربي) على الاستقطاب المُستحّث.</p>\r\n\r\n<p>5) تقنيات الاستشعار عن بُعد، ومنها التصوير الطيفي، ويعد الاستشعار عن بُعد هو النوع الأكثر شيوعاً من الاستكشافات الجيوفيزيائية، ومن أكثر المصطلحات شعبيةً أيضاً، حيث يسمع عنه الصغير قبل الكبير، وهكذا.. ومن أهم تطبيقات هذا النوع من الاستكشاف الجيوفيزيائي هو الكشف عن مواقع تواجد المقابر القديمة التي دُفِنَت تحت الأرض نتيجة العمليات المختلفة، مثل مقابر الدولة الفرعونية القديمة بجمهورية مصر العربية بقارة أفريقيا، وأيضاً البحث عن الآثار المدفونة تحت الأرض على أعماق قد تصل إلى أكثر من مئة متر وهكذا، وأيضاً معرفة آثار الجريمة، ومعرفة أماكن الذخيرة الغير منفجرة، وغيرها.<br />\r\n&nbsp;</p>\r\n\r\n<hr />\r\n<pre>\r\n<strong>إعداد وتحرير: متولي حمزة </strong></pre>\r\n\r\n<hr />\r\n<ul>\r\n	<li>\r\n	<h3>المراجع:</h3>\r\n	</li>\r\n</ul>\r\n\r\n<p><a href=\"https://geologyscience.com/geology/geophysical-methods/\" target=\"_blank\">Geophysical Methods</a></p>', 'hw0HECSAbZdEdrG6Kw4dHV0e816k9iFLv1EzsvS7.png', 7, '2022-08-01 18:16:47', '2022-11-07 23:31:52'),
(24, 'ما هو معنى مصطلح معادن الفلسباثويد؟', '<p>الفلسباثويد هو مصطلح يشير إلى مجموعة من المعادن التكتوسيليكاتية <span dir=\"LTR\">Tectosilicates Minerals</span> التي تشبه معادن الفلسبارات، ولكنها تتواجد في تراكيب هيكلية مختلفة وتحتوي على أقل نسبة ممكنة من السيليكا. تتواجد هذه المعادن في الصخور النارية النادرة والغير معتاد لها أن تتكون، وأيضاً لا تتواجد في الصخور التي تحتوي على معدن الكوارتز كمعدن أساسي <span dir=\"LTR\">Primary Mineral</span>. المصطلح &quot;فويد&quot; هو مصطلح يشير إلى الفلسباثويدات كاختصار لها، ويُضاف في الأول لاسم الصخر الناري الذي يحتوي على نسبة أكثر من 60% من هذا النوع من المعادن. مثلاً صخر السيانيت <span dir=\"LTR\">Syenite</span> الذي يحتوي على أحد أهم وأشهر معادن الفلسباثويد وهو النيفيلين <span dir=\"LTR\">Nepheline</span> فبالتبعية يُسمى الصخر نيفيلين-سيانيت <span dir=\"LTR\">Nepheline Syenite</span>. ومن أشهر معادن الفلسباثويدات هي: النيفيلين، البيتاليت، الليوسيت، الكالسيليت، الأفغانيت.&nbsp;</p>\r\n\r\n<p>- يمكنكم الاستماع إلى المقال <a href=\"https://geophilia.net/voicesingle/4\" target=\"_blank\">من هُنا</a></p>\r\n\r\n<hr />\r\n<pre>\r\n<strong>إعداد وتحرير: متولي حمزة </strong></pre>\r\n\r\n<hr />\r\n<ul>\r\n	<li>\r\n	<h2><strong>المراجع:</strong></h2>\r\n	</li>\r\n</ul>\r\n\r\n<p>&nbsp;<a href=\"https://www.britannica.com/science/feldspathoid\" target=\"_blank\">feldspathoid</a></p>', 'kX4eTAv1p4oTMyMnAjfzwUJp16Ob1fbWR9J81bbw.png', 7, '2022-08-01 18:24:03', '2022-11-07 23:21:04'),
(25, 'الخشب المتحجر', '<p>الخشب المتحجر هو أحفورة تتشكل عندما يتم دفن المواد النباتية بواسطة الرواسب وحمايتها من التعفن بسبب تواجد الأكسجين والكائنات الحية. بعد ذلك، تتدفق المياه الجوفية الغنية بالمواد الصلبة الذائبة عبر الرواسب ليتمَّ إحلال السيليكا <span dir=\"LTR\">Silica</span> أو الكالسيت <span dir=\"LTR\">&nbsp;Calcite</span>أو البيريت <span dir=\"LTR\">&nbsp;Pyrite</span>أو أي مادة أخرى غير عضوية مثل العقيق <span dir=\"LTR\">Agate</span> محل المادة النباتية الأصلية. والنتيجة هي أحفورة من المواد الخشبية الأصلية التي غالبًا ما تعرض تفاصيل محفوظة من اللحاء والخشب والهياكل الخلوية.</p>\r\n\r\n<p>&nbsp;</p>\r\n\r\n<p>قد&nbsp;يظن البعض أنها أشجارًا ولكنها خشب متحجر، وللتأكيد.. تتميز بكونها ذات وزن ثقيل إلى حد كبير، لذلك عندما تُرى في الحقل يظن الجيولوجي الغير خبير أنها مجرد جزء من شجرة، ولكن تعمَّه الصدمة عندما يحملها نظرًا لوزنها الزائد عن الحد الطبيعي.</p>\r\n\r\n<p>&nbsp;</p>\r\n\r\n<h2><strong>أنواع الأخشاب المتحجرة:</strong></h2>\r\n\r\n<p>يتم الحفاظ على بعضٍ من أهم العينات الصخرية اليدوية من الخشب المتحجر عن طريق عملية تُسمى الإحلال بالسيليكا <span dir=\"LTR\">Silicification Process</span>. وهناك نوعان أساسيان وشائعان من الخشب المتحجر. الأكثر وفرة هو الخشب الذي تُستبدل مادته النباتية بالعقيق الأبيض ويُسمى الخشب المتحجر العقيقي <span dir=\"LTR\">Agatized Wood</span>. والنوع الآخر والأقل وفرة هو الخشب المتحجر الذي تُستبدل فيه المادة النباتية بالأوبال ويُطلق عليه الخشب المتحجر الأوبالي <span dir=\"LTR\">Opalized Wood</span>. والنوعان يُطلق عليهما الخشب المتحجر على حد العموم إن لم تستطعْ تميزهما أو التفرقة بينهما.</p>\r\n\r\n<p>&nbsp;</p>\r\n\r\n<h2><strong>استخدامات الخشب المتحجر:&nbsp;</strong></h2>\r\n\r\n<p>عادةً ما يُستخدم الخشب المتحجر في الأعمال الحجرية، حيث يُنشر بمنشار متخصص لصناعة الأحجار الكريمة والمجوهرات. غالبًا ما تُنشر إلى أسطح لامعة ورفيعة لصناعة أسطح المناضد الموجودة في معظم البيوت. ويمكن استخدامها في العديد من الحرف اليدوية الأخرى.</p>', '5NoRbobpUFiDTeuczOwRgSSvsMoZAL1MubTuLiHt.jpg', 12, '2022-08-01 18:28:00', '2022-11-08 10:35:22'),
(26, 'ما هي أشهر تضاريس القمر؟', '<p>- جبال القمر:</p>\r\n\r\n<p>يحتوي القمر على حوالي 30 جبل. بعضها ذات ارتفاع لا يزيد عن الاثنين كيلو متر. والبعض الآخر يصل ارتفاعه إلى ما فوق الثلاثين كيلو متر. ومن أهم جبال القمر: جبل ليبنتز وارتفاعه 7610 متر وجبل دروفل وارتفاعه 7603 متر وجبل نيوتن وارتفاعه 7260 متر. وتحتوي هذه الجبال على نوع من الصخور تُسمى الأنورثوسيت <span dir=\"LTR\">Anorthosite</span> وهي صخور فاتحة اللون ذات كثافة 2.80 جم/سم3 وهي غنية بأكاسيد الكالسيوم والسليكون والألمونيوم ويزيد عمرها عن 4000 مليون سنة كما وضَّحَ ذلك التحليلات المطيافية لهذه الصخور العائدة من تربة القمر.</p>\r\n\r\n<p>&nbsp; &nbsp; &nbsp; &nbsp; &nbsp; &nbsp; &nbsp; &nbsp; &nbsp; &nbsp; &nbsp; &nbsp; &nbsp; &nbsp; &nbsp; &nbsp; &nbsp; &nbsp; &nbsp; &nbsp; &nbsp; &nbsp; &nbsp; &nbsp; &nbsp; &nbsp; &nbsp; &nbsp; &nbsp; &nbsp;&nbsp;<img alt=\"\" src=\"https://3.bp.blogspot.com/-LCwJ-a_Jw2Q/Vj2zKqOPPjI/AAAAAAABNgs/0avEzk0zDw8/s640/%25D8%25A7%25D8%25A8%25D9%2588.jpg\" style=\"height:359px; width:500px\" /></p>\r\n\r\n<p>في الواقع فإن وجود هذا النوع من صخور الأنورثوسيت في صخور القمر الخفيفة في الكثافة نسبياً يحدث بعض من اللبْس وعد الايضاح. حيث تبلغ كثافة القمر ككل 3.34 جم/سم3 وكثافة صخور البازلت القمرية 3.3 جم/سم3 وكثافة صخور الأنورثوسيت القمرية 2.8 جم/سم3. وهذا يدل على أن صخور الأنورثوسيت هي الطافية فوق مصهور من صخور البازلت. فمن له كثافة أقل يطفو فوق ذي الكثافة الأكبر وهكذا. حيث أظهرت بعض الدراسات الفيزيائية والفلكية أن القمر لابد أن يكون منتظماً في توزيع مثل هذه الكتل الصخرية به. ولكن تكمن المشكلة في أن الكثافة الصخرية والوزن النوعي لهذه الصخور مختلفة ومتفاوتة بشكل كبير وملحوظ. مما يشكل جدلاً حول أن القمر متجانس التوزيع الصخري ولكنه يحتوي على صخور ذات كثافات أو أوزان نوعية مختلفة. ولكن من أكثر النظريات قبولاً في فهم هذه الفرضية الفلكية المبنية على الدراسات الفيزيائية والفلكية هو أن بللورات من معدن الأنورثيت <span dir=\"LTR\">Anorthite</span> التي تتجمع لتكون صخر الأنورثوسيت قد نمت طافية على صهير من البازلت القمري ذات الكثافة والوزن النوعي المرتفعة/المرتفع ومن ثَم انفصلت هذه البللورات &quot;بللورات معدن الأنورثيت&quot; مكونةً صخور الأنورثوسيت.</p>\r\n\r\n<p>&nbsp;</p>\r\n\r\n<p>- بحار القمر:</p>\r\n\r\n<p>بالنسبة للبحار القمرية فهي خالية تماماً من الماء ولكن يطلق عليها اسم بحار لانخفاضها في بعض الأحيان واستوائها في الحين الآخر. ويوجد على القمر حوالي 20 بحر. مثل بحر السحاب وبحر الأمطار وبحر العواصف وبحر الهدوء. ويُعتبر بحر الهدوء من أشهر هذه البحار حيث كان موطأ هبوط رواد فضاء رحلة أبللو-11. وقد أوضحت الدراسات السزمومترية عن طريق موجات الصدمة أن هذه البحار تتكون من قشرة واسعة ورفيعة في السمك من صخور متماسكة ذات كثافة مرتفعة والتي تحوطها من الجوانب صخور المرتفعات الأقل كثافة والتي تحتوي على عدد كبير من الشروخ والتشققات.</p>\r\n\r\n<p>&nbsp;</p>\r\n\r\n<p>ومن المناقشات الطريفة التي أثارت جدلاً عن أصل تكون ونشأة البحار القمرية هو ما أُكتُشِفَ مؤخراً من وجود تركيزات للكتلة تحت بعض البحار مما يزيد من قوى التجاذب عند هذه التركيزات. وهناك ثلاث نظريات تخص وتشرح سبب ونشأة البحار على سطح القمر.</p>\r\n\r\n<p>&nbsp;</p>\r\n\r\n<p>تفترض النظرية الأولى مجموعة متتالية من نيازك الحديد والنيكل ببطء على سطح القمر. وهذه النيازك تمكنت من عمل فوهة ضخمة أو حفرة كبيرة تخترق سطح القمر إلى داخله. وهذا عَمِلَ على اندفاع الحمم البركانية والصهير البركاني من باطن القمر إلى سطح القمر مكوناً الصخور القمرية المعروفة من البازلت القمري والأنورثوسيت القمري ولكي تملأ المنخفضات أيضاً. وأخيراً توقف تدفق الحمم البركانية دُفِنَ تحتها النيازك الحديدية والنيكلية.</p>\r\n\r\n<p>&nbsp;</p>\r\n\r\n<p>وتفترض النظرية الثانية أن العوامل الداخلية للقمر، وهي أساساً عوامل بركانية نشطة تقوم بدفع الصهير البازلتي القمري في اتجاهات رأسية وأفقية بالقرب من سطح القمر، ومن ثُم تهدأ هذه الحمم البركانية لتبدأ عملية تبللور للصخر البازلتي ليكون في النهاية صخور البازلت والجابرو ذات الكثافة والأوزان النوعية المرتفعة.</p>\r\n\r\n<p>&nbsp;</p>\r\n\r\n<p>وتفترض النظرية الثالثة أن مجرد وجود قشرة متسعة بازلتية ذات سمك مختلف فوق سطح هذه البحار قد يكون كافياً لتعليل وجود تركيزات الكتلة والتي تعمل على زيادة قوي الجذب نحوها نخو الداخل. ,احياناً يمكن القول إن بعض الطبقات السفلى من هذه القشرة قد زادَ اثراء في عنصر التيتانيوم نتيجة تبللورها في الأعماق في القمر. وهذه العملية ينشأ عنها تكوين صخور ذات كثافة عالية في قاع بعض البحار.</p>\r\n\r\n<p>&nbsp;</p>\r\n\r\n<p>- فوهات القمر:</p>\r\n\r\n<p>من الظواهر العجيبة حقاً هي ظاهرة انتشار الفوهات على القمر. وهذه الفوهات ما هي إلا ثقوب أو فجوات ذات أعماق مختلفة وغير معروفة يحيط بها من الخارج حواف مرتفعة. وهي ذات أحجام مختلفة. فمنها الصغير والمتوسط والكبير. ويصل قطرها في بعض الأحيان إلى عدة مئات من الأمتار وفي الأحيان الأخرى قد تصل إلى مئات الكيلومترات. وتكون عادة مستديرة الشكل. وتأخذ أحياناً الشكل البيضاوي. ومن أشهر الفوهات القمرية فوهة كوبر نيق. والتي يصل ارتفاع حوافها إلى 4 كيلومتر وقطرها إلى 90 كيلومتر. وتتوزع الفوهات القمرية على سطح القمر توزيع غير منتظم. وقد تتواجد بعض الفوهات المركبة وهي فوهات كبيرة ذات أقطار عالية تصل في بعض الأحيان إلى مئات الكيلومترات والتي تحتوي على فوهات أصغر منها في الأقطار ويتضح ذلك عن طريق بروز حواف فوهات داخل حواف فوهات أخرى أكبر منها في نصف قطر الاستدارة. ويصل أقصى اختلاف في حوالي 94% من الفوهات القمرية على سطح القمر في الأقطار الدائرية إلى 4 مم وتنحصر أقطار هذه الفوهات في مدى محدود وقصير وهذا الأمر يعكس مدى تقارب ميكانيكية تكون هذه الفوهات.</p>\r\n\r\n<p>&nbsp;</p>\r\n\r\n<p>- أخاديد القمر:</p>\r\n\r\n<p>تُظهِر بعض الصور الفوتوغرافية المأخوذة لسطح القمر بعض الشقوق والأخاديد المختلفة في الأطوال من شقوق إلى شقوق. ويحتوي سطح القمر على العديد من الشقوق والصدوع. وتختلف بناءً على اختلاف القوى المثرة عليها وفي نشأتها هذه الأطوال. حيث تصل في بعض الأحيان إلى بضع أمتار إلى عدة كيلومترات. وهذا يعكس اختلاف قوة القوى المؤثرة في نشأة هذه الشقوق أو ربما اختلاف نوعية الصخور التي تأثرت بهذه القوى من صخور ذات مقاومة هندسية وجيوتكنيكية صخرية عالية إلى أخرى ذات مقاومة أقل. وتنتشر بعض الأخاديد بين سطحي صدعين متوازيين على سطح القمر. وتتكون الأخاديد نتيجة حدوث تصدعات في القشرة القمرية وحدوث تصدعات أخرى في مكان ما قريب من هذا المكان الآخر بشكل موازٍ لبعضهما البعض فتكون المنطقة الوسطى بين السطحين هي منطقة أخاديد.</p>\r\n\r\n<hr />\r\n<pre>\r\n<strong>إعداد وتحرير: متولي حمزة </strong></pre>\r\n\r\n<hr />\r\n<ul>\r\n	<li>\r\n	<h2><strong>المراجع:</strong></h2>\r\n	</li>\r\n</ul>\r\n\r\n<p>&nbsp;<a href=\"https://skyandtelescope.org/online-gallery/moon-relief/\" target=\"_blank\">Moon Relief - Sky &amp; Telescope</a></p>', 'jkG79sGTgBA7NKTHxEW8lVWpzaKzJNXPtlxo5kbT.jpg', 5, '2022-08-01 18:32:46', '2022-09-12 11:44:04'),
(27, 'معدن الكالسيت', '<p>الكالسيت هو معدن من أشهر المعادن المكونة للصخور، مع صيغة كيميائية تتكون من كربونات الكالسيوم <span dir=\"LTR\">CaCO3</span>. إنه شائع للغاية ويوجد في جميع أنحاء العالم في الصخور الرسوبية والمتحولة والبركانية. يعتبره بعض الجيولوجيين أنه معدن كثير التواجد وواسع الانتشار وموجود في كل مكان. إضافةً إلى ذلك يُعتبر الكالسيت هو المكون الرئيسي للحجر الجيري والرخام، وهذه الصخور شائعة للغاية وتشكل جزءًا كبيرًا من قشرة الأرض. إنها بمثابة واحدة من أكبر مستودعات الكربون على كوكبنا. خصائص الكالسيت تجعله أحد أكثر المعادن استخدامًا، حيث يتم استخدامه كمواد البناء، ومعالجة التربة الزراعية، وركام صخري للبناء، والصبغات الكيميائية، والأدوية، وغيرها، حيث يُعتبر معدن له استخدامات أكثر من أي معدن آخر تقريبًا. الأشكال الأخرى <span dir=\"LTR\">Polymorphs</span> التي تتركب من كربونات الكالسيوم هي معادن&nbsp;الأراجونيت&nbsp;والفاتيريت. سيتغير الأراجونيت إلى الكالسيت على مدار فترات زمنية قصيرة أي عدة أيام أو أقل عند درجات حرارة تتجاوز300 درجة مئوية، ويكون الفاتيريت أقل استقرارًا<span dir=\"LTR\">.</span></p>\r\n\r\n<p>&nbsp;</p>\r\n\r\n<p>- علاقة الكالسيت بالحجر الجيري والرخام:</p>\r\n\r\n<p>الحجر الجيري هو صخر رسوبي يتكون أساسًا من الكالسيت. يتشكل من الترسيب الكيميائي لكربونات الكالسيوم، وتحول الهياكل الجيرية والشعاب المرجانية والطحالب إلى الكالسيت أثناء التكوّن. يتشكل الحجر الجيري أيضًا من ترسيب كربونات الكالسيوم في الكهوف. وأما عن الرخام فهو صخر متحول يتشكل عندما يتعرض الحجر الجيري للحرارة والضغط معًا. عادةً ما يكشفُ الفحص الدقيق لقطعة الرخام المكسورة عن أوجه تشقق واضحة من الكالسيت. يتم تحديد حجم بلورات الكالسيت من خلال درجة التحول حيث يُعتبر الرخام الذي تعرض لدرجات تحول عالية ذات بلورات كالسيت أكبر بشكل عام.</p>\r\n\r\n<p>&nbsp;</p>\r\n\r\n<p>- استخدام الكالسيت في أعمال البناء والتشييد:</p>\r\n\r\n<p>تُعتبر أعمال التشييد والبناء هي المُستهلِك الأولي لمعدن الكالسيت حيث يتم استخدامه في هيئة الحجر الجيري والرخام. هذه الصخور (الحجر الجيري والرخام) تمَّ استخدامها لآلاف السنين في أعمال البناء والتشييد وصناعة الأحجار متنوعة الأبعاد والمونة والخرسانة. وكانت ولا تزال هذه الأحجار تُستخدم في أعمال البناء مثل بناء الأهرامات في الجيزة في جمهورية مصر العربية على يد المصريين القدماء، واستخدمت قديمًا في أمريكا اللاتينية أيضًا. يتمُّ استخدام الكالسيت في أعمال العمارة والبناء في صورة الحجر الجيري والرخام لإنتاج الأسمنت والخرسانة حيث يتم خلط هذه المواد بسهولة ونقلها ووضعها في شكل مونة (ملاط) من شأنه أن يتحول إلى مادة بناء متينة، وتُستخدَم الخرسانة في إنشاء المباني والطرق السريعة والجسور والجدران والعديد من الهياكل الأخرى.&nbsp;</p>\r\n\r\n<p>&nbsp;</p>\r\n\r\n<p>- الاستخدامات الأخرى للكالسيت:</p>\r\n\r\n<p>يُستخدم الكالسيت عند طحنه كصبغة بيضاء تُستخدم في أعمال التبييض، حيث يظهر الكالسيت (كربونات الكالسيوم) على هيئة بودرة بيضاء مسحوقة. غالبًا ما يستخدم الحجر الجيري المسحوق والرخام كمكمل غذائي في علف الحيوانات حيث يحتاج الدجاج الذي ينتج البيض والماشية التي تنتج الحليب إلى اتباع نظام غذائي غني بالكالسيوم. غالبًا ما يتم إضافة كميات صغيرة من كربونات الكالسيوم (الكالسيت) إلى أعلافهم لتعزيز تناول الكالسيوم. صلابة الكالسيت (3) على مقياس موه للصلابة، وهذا يجعله مناسب كمادة كاشطة (حاكه) منخفضة الصلابة. إنه أكثر نعومة من الأسطح الحجرية والخزفية والبلاستيكية الموجودة في المطابخ والحمامات. صلابته المنخفضة تجعله عامل تنظيف فعَّال لا يُتلِف السطح الذي يتم تنظيفه. يُستخدم الحجر الجيري المسحوق أيضًا كغبار آمن للمناجم فهو غبار غير قابل للاشتعال يتم رشه على جدران وأسطح مناجم الفحم تحت الأرض لتقليل كمية غبار الفحم في الهواء (والذي يمكن أن يكون معرض لخطر الانفجار) حيث يلتصق هذا الغبار (غبار مسحوق الكالسيت) بجدار المنجم ويثبَّت غبار الفحم. لونه الأبيض يساعد في إضاءة المنجم حيث تعتبر المادة المثالية لهذا الاستخدام.</p>', 'uNLZbESFZxAqwRj1VYgZinyf1kpFAWxpTEUrx1l1.jpg', 11, '2022-08-01 18:36:16', '2022-09-17 12:26:18'),
(28, 'مكونات دورة الصخور في الطبيعة ونواتجها', '<p>دورة الصخور في الطبيعة هي إحدى أهم الأساسيات والبديهيات في علم الجيولوجيا، ومن أهم النظريات العلمية التي تفسر كيفية نشأة الصخور في الطبيعة، وهي من تقديم العالم الجيولوجي جيمس هاتون، حيث تعتبر دورة الصخور مفهومًا أساسيًا في الجيولوجيا حيث تصف التحولات -مع مرور الزمن- بين أنواع الصخور الرئيسية الثلاثة.. الرسوبية والمتحولة والنارية، حيث تحدث بعض التغيُّرات في كل نوع من الصخور الثلاثة سالفة الذكر عندما لظروف تخل من توازنه. على سبيل المثال، قد تتكسر الصخور النارية مثل البازلت عند تعرضها للغلاف الجوي، أو تذوب عندما تنغمس تحت قارة. نظرًا للقوى الدافعة لدورة الصخور وتكتونية الصفائح ودورة المياه، لا تبقى الصخور في حالة التوازن التي تفضلها، وتتغير عندما تواجه بيئات جديدة. تشرح دورة الصخور كيف ترتبط أنواع الصخور الثلاثة ببعضها البعض، وكيف تتغير العمليات من نوع إلى آخر بمرور الوقت.</p>\r\n\r\n<p>&nbsp;</p>\r\n\r\n<h2><strong>- كيف نشأت الصخور النارية في ضوء دورة الصخور؟</strong></h2>\r\n\r\n<p>عندما يتم دفع الصخور بعمق، ونزولها إما بعوامل طبيعية، أو من تلقاء نفسها عندما تجد ممراً لذلك، تحت سطح الأرض، فإنها قد تذوب في الصهارة المجماتيه. إذا لم تَعُدْ الظروف الموجودة مناسبة لأن تبقى الصهارة في حالة سائلة، فإنها تبرد وتتصلب في صخور نارية. يُطلق على الصخر الذي يبرد داخل الأرض (في باطن أو جوف الأرض) اسم صخر ناري جوفي أو بلوتوني، ويبرد ببطء شديد، مما ينتج عنه نسيج خشن الحبيبات مثل صخور الجرانيت. نتيجة للنشاط البركاني، قد تبرد الصهارة (التي تسمى الحمم البركانية عندما تصل إلى سطح الأرض) بسرعة كبيرة على سطح الأرض المعرض للغلاف الجوي وتسمى الصخور النارية الناتجة صخوراً نارية سطحية أو بركانية. هذه الصخور دقيقة الحبيبات وأحيانًا تبرد بسرعة كبيرة بحيث لا يمكن لأي بلورات أن تتشكل، وينتج عنها نسيج شبه زجاجي، مثل صخر الأوبسديان. يمكن لأي نوع من الأنواع الثلاثة الرئيسية للصخور (الصخور النارية والرسوبية والمتحولة) أن يذوب في الصهارة ويبرد في هيئة صخور نارية.</p>\r\n\r\n<p>&nbsp;</p>\r\n\r\n<h2><strong>- كيف نشأت الصخور المتحولة في ضوء دورة الصخور؟</strong></h2>\r\n\r\n<p>يمكن تغيير الصخور المُعرضَة لدرجات حرارة وضغوط عالية فيزيائيًا أو كيميائيًا لتشكيل صخر مختلف يسمى المتحول. يشير التحول الإقليمي إلى التأثيرات على كتل كبيرة من الصخور على مساحات شاسعة، والتي ترتبط عادةً بأحداث بناء الجبال. تظهر هذه الصخور عادةً نطاقات مميزة من المعادن المختلفة. يحدث نوع رئيسي آخر من التحول عندما تتلامس الصخور مع تداخل ناري، حيث يقوم بتسخين هذه الصخور المحيطة، وفي النهاية، ينتج عن هذا التحول الملامس صخر يتم تغييره وإعادة بلوراته بواسطة الحرارة الشديدة للصهارة و/أو عن طريق إضافة سوائل من الصهارة التي تضيف مواد كيميائية إلى الصخور المحيطة. يمكن تعديل أي نوع موجود مسبقًا من الصخور من خلال عمليات التحول. مثل تكون صخر الرخام عند حدوث تداخل وتلامس بين جسم ناري أو صهارة نارية مع صخر الحجر الجيري، فيتم تغيير صخر الحجر الجيري بالتحول الحراري وينتج في النهاية صخر الرخام المعروف بألوانه البيضاء والسوداء، والذي يكثُر استخدامه في أسقف المطابخ والتزيين.</p>\r\n\r\n<p>&nbsp;</p>\r\n\r\n<h2><strong>- كيف نشأت الصخور الرسوبية في ضوء دورة الصخور؟</strong></h2>\r\n\r\n<p>الصخور المعرضة للغلاف الجوي غير مستقرة بشكل متفاوت وتخضع لعمليات التجوية والتعرية. تؤدي عوامل التجوية والتعرية إلى تفتيت الصخور إلى أجزاء أصغر منها في الحجم، ونقل المواد الذائبة بعيدًا. تتراكم هذه المادة المُجزأَة وتدفن بمواد إضافية وتندمج معاً، وعليه فإن الصخور المكونة من هذه الحبيبات المندمجة معًا تكون صخوراً رسوبية. أي أن الصخور الرسوبية تتكون نتيجة حدوث تفتيت وتكسير لصخرٍ ما على سطح الأرض في تواجد عوامل مثل درجة الحرارة والرياح وغيره، ثم تنقلها عوامل النقل مثل الثلاجات القطبية ومياه الأمطار والسيول وغيرها، ثم يتم ترسيبها في منطقة مستقرة لا يوجد بها أي حركات أرضية وهزات وغيره، ثم يتم تجميعها ثم تصلدها وتماسكها بمواد جيرية أو حديدية، مثل الحجر الرملي الجيري حيث يكون الصخر حجراً رملياً والمادة اللاحمة هي الجير وهكذا، والذي يكثر استخدامه في مواد البناء والتشييد وغيره.</p>\r\n\r\n<p>&nbsp;</p>\r\n\r\n<h2><strong>- ما هي العوامل المؤثرة في دورة الصخور؟</strong></h2>\r\n\r\n<ol>\r\n	<li>\r\n	<p>درجة الحرارة: درجة الحرارة المنبثقة من باطن أو جوف الأرض، والتي تؤدي إلى حدوث تغييرات بسيطة وبطيئة، نتيجة حركة المواد المنصهرة في اللب والدثار (الوشاح).</p>\r\n	</li>\r\n	<li>\r\n	<p>دورة المياه: حيث يعتبر الجليد والماء المنصهر عنصراً أساسياً في التحكم في دورة الصخور، والشمس تعتبر العامل الأساسي في كونها وتشغيلها.</p>\r\n	</li>\r\n</ol>\r\n\r\n<p>&nbsp;</p>\r\n\r\n<h2><strong>- ما هي نواتج دورة الصخور؟</strong></h2>\r\n\r\n<ol>\r\n	<li>\r\n	<p>الصخور النارية: وهي تنتج نتيجة حدوث عمليتين متلازمتين متتاليتين وهما التبريد والتبلور، وقد تحث على أعماق كبيرة في باطن أو جوف الأرض، ومن ثمَّ تكون الصخور النارية الناتجة صخور نارية باطنية مثل الجرانيت والجابرو، وقد تحدث على أعماق متوسطة فيتكون بعض الصخور النارية مثل الدوليرايت، وقد تحدث بالقرب من السطح لتعطي صخوراً مثل البازلت والكوماتيت والأنديزيت. &nbsp;</p>\r\n	</li>\r\n	<li>\r\n	<p>الصخور المتحولة: وهي تحدث إما نتيجة تأثير الضغط فقط، أو الحرارة فقط مع قليل من الضغط، أو الاثنين فقط، فمثلاً عند حدوث تداخل ناري من صخور الجرانيت المنصهرة في الحجر الجيري يتكون الرخام، وهكذا دواليك.</p>\r\n	</li>\r\n	<li>\r\n	<p>الصخور الرسوبية: وهي تتكون نتيجة حدوث تفتيت لصخور أقدم، ومن ثمَّ نقلها ثم ترسيبها ثم تصلدها وتماسكها مكونةً صخوراً رسوبية مثل صخور البريشيا والكنجلوميرات.</p>\r\n	</li>\r\n</ol>\r\n\r\n<hr />\r\n<pre>\r\n<strong>إعداد وتحرير: متولي حمزة </strong></pre>\r\n\r\n<hr />\r\n<ul>\r\n	<li>\r\n	<h3><strong>المراجع:&nbsp;</strong></h3>\r\n	</li>\r\n</ul>\r\n\r\n<p>1)&nbsp;<a href=\"https://www.sfcollege.edu/rockcycle/the-rock-cycle/index\" target=\"_blank\">The Rock Cycle</a><br />\r\n2)&nbsp;<a href=\"https://www.nationalgeographic.org/encyclopedia/rock-cycle/\" target=\"_blank\">The Rock Cycle | National Geographic Society</a></p>', 'Ss4hjth3H13YJ6kAqKo5sivb0B0BEswgx2em5M4U.jpg', 7, '2022-08-01 18:39:35', '2022-09-12 11:41:04'),
(30, 'ما هو معنى المهماز؟', '<p>- هو عبارة عن متن يتألف من تقدم جزء صغير من الهضبة بالنسبة لما يحيط بها من الجانبين، أو تضرس ما بين واديين، وإذا كان المتن يشرف على بحر أو بحرية فيُدعَى بالنتوء وليس مهمازاً فحسب.&nbsp;</p>\r\n\r\n<p>&nbsp;</p>', 'BOlCFbCs2TdcwwT0hSRazrdF7aiZfD4waDoVGpIm.jpg', 14, '2022-08-11 18:14:29', '2022-11-08 10:34:03'),
(31, 'ما هو معنى مصطلح الخانق؟', '<p>- هي النقطة التي يحدث عندها/فيها تقعر وانحناء لخط تقسيم المياه في المنطقة المحددة.&nbsp;</p>\r\n\r\n<p>&nbsp;</p>', 'd6KxjjqwPcAQFwFmjKO5APPmCriTHFD8c43bkjCY.jpg', 14, '2022-08-20 16:17:37', '2022-11-08 10:36:14'),
(54, 'معدن الذهب', '<p>الذهب عنصر كيميائي برمز Au (من اللاتينية: aurum) والرقم الذري 79. وهو معدن أصفر لامع كثيف، ناعم، مرن وقابل للدك والسحب والطَرق. تبقى الخصائص عند تعرضها للهواء أو الماء. كيميائيًا، الذهب معدن انتقالي وعنصر مجموعة 11. إنه أحد العناصر الكيميائية الأقل تفاعلًا، وهو صلب في ظل الظروف القياسية.&nbsp;</p>\r\n\r\n<p><br />\r\nيوجد المعدن غالبًا في شكل عنصري حر (أصلي)، مثل شذرات أو حبيبات، في الصخور، في التعرقات التركيبية وفي الترسبات الغرينية. يحدث في سلسلة من المحاليل الصلبة مع عنصر الفضة الأصلي (مثل الإلكتروم) وأيضًا مخلوط بشكل طبيعي بالنحاس والبلاديوم. أقل شيوعًا، يحدث في المعادن مثل مركبات الذهب، غالبًا مع التيلوريوم (تيلوريد الذهب).</p>\r\n\r\n<p><br />\r\nالعدد الذري للذهب البالغ 79 يجعله واحدًا من أعلى عناصر العدد الذري التي تحدث بشكل طبيعي في الكون، ويُعتقد تقليديًا أنه تم إنتاجه في التخليق النووي للمستعر الأعظم لبذر الغبار الذي تشكل منه النظام الشمسي.&nbsp;</p>\r\n\r\n<p><br />\r\nنظرًا لأن الأرض كانت منصهرة عندما تشكلت للتو، فقد غرق كل الذهب الموجود على الأرض تقريبًا في قلب الكوكب. لذلك يُعتقد أن معظم الذهب الموجود اليوم في قشرة الأرض ووشاحها قد تم تسليمه إلى الأرض في وقت لاحق، عن طريق اصطدامات كويكب أثناء القصف الثقيل المتأخر، منذ حوالي 4 مليارات سنة.</p>\r\n\r\n<p>يقاوم الذهب الأحماض الفردية، ولكن يمكن إذابته بواسطة أكوا ريجيا (حمض النيتروهيدروكلوريك)، والذي سمي بهذا الاسم لأنه يذوب الذهب في كاتيون رباعي كلوريد الذهب القابل للذوبان.&nbsp;</p>\r\n\r\n<p><br />\r\nتتحلل مركبات الذهب أيضًا في المحاليل القلوية للسيانيد، والتي تم استخدامها في التعدين. يذوب في الزئبق ويشكل سبائك الملغم. إنه غير قابل للذوبان في حمض النيتريك، الذي يذيب الفضة والمعادن الأساسية، وهي خاصية استخدمت منذ فترة طويلة لتأكيد وجود الذهب في العناصر، مما أدى إلى ظهور مصطلح اختبار الحمض.</p>', 'GllLek5ZJG9XjkYRXr7vzWhifJgkHlS5sLZeWFj4.jpg', 11, '2022-09-12 11:30:53', '2022-09-12 11:30:53'),
(55, 'بيضة الرعد', '<p>بيضة الرعد (Thundereggs) هي صخرة تشبه العُقيدِات، تشبه الجيود المملوءة، والتي تتكون داخل طبقات الرماد البركاني الرايوليت.&nbsp;</p>\r\n\r\n<p>بيضة الرعد هي عبارة كرات خشنة، معظمها بحجم كرة السلة. على الرغم من أنها يمكن أن تتراوح من أقل من بوصة إلى أكثر من متر. عادةً ما تحتوي على مراكز العقيق الأبيض التي قد تكون مكسورة متبوعة بترسب العقيق، إما بشكل فريد أو مجتمعة.&nbsp;</p>\r\n\r\n<p>كثيرا ما توجد أيضا بلورات الكوارتز والجبس، فضلاً عن العديد من الزيادات المعدنية والشوائب الأخرى. عادةً ما تبدو Thundereggs مثل الصخور العادية من الخارج، لكن تقطيعها إلى نصفين وصقلها قد يكشف عن أنماط وألوان معقدة.&nbsp;</p>\r\n\r\n<p>من السمات المميزة لـ Thundereggs (مثل العقيق) أن الأسرة الفردية (التصنيف الأعلى) التي يأتون منها يمكن أن تختلف في المظهر، على الرغم من أنها يمكن أن تحافظ على هوية محددة معينة داخلها.</p>\r\n\r\n<p>Thunder Egg ليس مرادفًا لأي من الجيود أو العقيق. الجيود هو مصطلح بسيط لصخرة بها جوفاء، غالبًا مع تكوين/نمو بلوري. من ناحية أخرى، فإن الرعد هو بنية جيولوجية محددة. قد يُشار إلى Thunderegg على أنه الجيود إذا كان يحتوي على جوفاء، ولكن ليست كل الجيود عبارة عن صواعق لأن هناك العديد من الطرق المختلفة لتشكيل الجوف.</p>\r\n\r\n<p>العديد من صواعق thundereggs الموجودة في Rockhound State Park كروية وتتكون من جزأين متميزين: جزء خارجي رمادي داكن إلى وردي وجزء داخلي أبيض أو أزرق أو رمادي، أو لب، يمكن التعرف عليه على أنه بلورات العقيق والعقيق الأبيض والكوارتز، جميع أشكال مركب SiO2.&nbsp;</p>\r\n\r\n<p>في العديد من الأمثلة، يمكن وصف هذين الجزأين على أنهما قشرة وحشوة. ومع ذلك، فإن بعض الرعديات، أو الكُريَّات، لا تحتوي على الحشوة؛ وهي تتألف من مادة صلبة ذات قشرة رمادية داكنة إلى وردية اللون، أو مجوفة جزئيًا.&nbsp;</p>\r\n\r\n<p>تشكل العمليات المتميزة جيولوجيًا جزأين من الرعد. يتكون الجزء الخارجي من صاعقة الرعد من خلال عمليات صهارة معقدة (مثل الكُريَّات البيض)، ثم يتم تشكيل الجزء الداخلي وتعديله من خلال دورات متعددة من السوائل الحرارية المائية في المرحلة المتأخرة.&nbsp;</p>\r\n\r\n<p>العمليات التي تشكل الجيود والروافع معقدة ويتم التحكم فيها من خلال الظروف الفيزيائية والكيميائية المتغيرة باستمرار، مثل درجة الحرارة والضغط وعمق التكوين وتكوين الصهارة وتكوين المياه الجوفية وتكوين الصخور المضيفة.</p>\r\n\r\n<p><br />\r\n- مكان العثور لأول مرة:&nbsp;</p>\r\n\r\n<p>* يتم العثور على Thundereggs على مستوى العالم أينما كانت الظروف مناسبة.&nbsp;</p>\r\n\r\n<p>1) في الولايات المتحدة، لا تزال ولاية أوريغون واحدة من أشهر مواقع Thunderegg.&nbsp;</p>\r\n\r\n<p>2) تعد ألمانيا أيضًا مركزًا مهمًا لعقيق الرعد (خاصة مواقع مثل St Egidien و Gehlberg).&nbsp;</p>\r\n\r\n<p>3) تشمل البلدان الأخرى المعروفة بضربات الرعد بعض الأماكن في إفريقيا وبولندا ورومانيا وتركيا والمكسيك والأرجنتين وكندا وأستراليا وفرنسا.</p>\r\n\r\n<p><br />\r\n- كيف تنشأ بيضات الرعد:&nbsp;</p>\r\n\r\n<p>تم العثور على Thundereggs في تدفقات حمم الريوليت. تتشكل في جيوب غازية في الحمم البركانية، والتي تعمل كقوالب، من عمل الماء المتسرب عبر الصخور المسامية التي تحمل السيليكا في المحلول.&nbsp;</p>\r\n\r\n<p>تمَّ مِلء الفقاعات المبردة تدريجيًا بواسطة الماء المتسرب عبر الصخور المسامية التي تحمل كميات غنية من السيليكا (الكوارتز).&nbsp;</p>\r\n\r\n<p>تصطف الرواسب وتملأ التجويف، أولاً بمادة مصفوفة أغمق، ثم نواة داخلية من العقيق أو العقيق الأبيض. تأتي الألوان المختلفة من الاختلافات في المعادن الموجودة في التربة والصخور التي انتقلت المياه من خلالها.</p>\r\n\r\n<p><br />\r\n- كيف تصبح بيضة الرعد جوفاء؟</p>\r\n\r\n<p>من الصعب إثبات ذلك بشكل مباشر، فنحن نتوقع أن تتشكل المراكز المجوفة من الكريات الكروية عن طريق التنوي والالتحام وتمدد فقاعات البخار عند درجة حرارة عالية، مما يؤدي إلى مركز مجوف يمكن ملؤه لاحقًا بالسيليكا. تتشكل فقاعات البخار نتيجة تبلور الكوارتز والفلسبار والمغنتيت، والتي لا تحتوي على ماء، من الصهارة الرايوليتية، التي تحتوي على كمية صغيرة من الماء المذاب عند الضغط الجوي.&nbsp;</p>\r\n\r\n<p>تشير حسابات حجم بخار الماء الذي يمكن أن يتشكل من التبلور اللامائي إلى أن الحجم سيكون أكثر من كافٍ لتوليد حجم التجاويف المجوفة التي يمكن رؤيتها في الكريات.&nbsp;</p>\r\n\r\n<p>قد يكون السبب في أن بعض الكريات الكروية مجوفة والبعض الآخر غير مرتبط بمعدل وعمق التبلور والقدرة الناتجة أو عدم قدرة فقاعات البخار على التنوي والاندماج.&nbsp;</p>', 'rG2j072lHADWLmUOjdWrSz1g2DjvShthkS0aIfuQ.jpg', 11, '2022-09-12 15:04:19', '2022-11-08 10:25:24'),
(56, 'معدن البلاتين', '<p>- الصيغة الكيميائية: Pt</p>\r\n\r\n<p>- المكان: أبرزها من جبال الأورال وروسيا والبرازيل.</p>\r\n\r\n<p>- أصل الاسم: (platina = silver)&nbsp;</p>\r\n\r\n<p>البلاتين عنصر كيميائي برمز كيميائي Pt ورقم ذري 78.&nbsp;</p>\r\n\r\n<p>وهو معدن انتقالي كثيف، مرن، مطيل، غير متفاعل للغاية، ثمين، رمادي-أبيض.&nbsp;</p>\r\n\r\n<p>اسمها مشتق من المصطلح الإسباني بلاتينا، والذي يُترجم حرفيًا إلى &quot;الفضة الصغيرة&quot;.&nbsp;</p>\r\n\r\n<p>بلاتينيوم هو عضو في المجموعة البلاتينية من العناصر والمجموعة 10 من الجدول الدوري للعناصر. لديها ستة نظائر طبيعية. إنه أحد أندر العناصر في قشرة الأرض بمتوسط ​​وفرة يقارب 5 ميكروغرام/كجم.&nbsp;</p>\r\n\r\n<p>يوجد في بعض خامات النيكل والنحاس جنبًا إلى جنب مع بعض الرواسب المحلية، ومعظمها في جنوب إفريقيا، والتي تمثل 80٪ من الإنتاج العالمي.&nbsp;</p>\r\n\r\n<p>نظرًا لندرته في القشرة الأرضية، يتم إنتاج بضع مئات من الأطنان فقط سنويًا، وبالتالي فهو ذو قيمة عالية وهو سلعة معدنية ثمينة رئيسية. البلاتين هو المعدن الأقل تفاعلًا.&nbsp;</p>\r\n\r\n<p>يتمتع بمقاومة ملحوظة للتآكل، حتى في درجات الحرارة العالية، وبالتالي يعتبر معدنًا نبيلًا. وبالتالي، غالبًا ما يوجد البلاتين غير مرتبط كيميائيًا مثل البلاتين الأصلي.&nbsp;</p>\r\n\r\n<p>نظرًا لأنه يحدث بشكل طبيعي في الرمال الرسوبية للأنهار المختلفة، فقد تم استخدامه لأول مرة من قبل سكان أمريكا الجنوبية الأصليين قبل كولومبوس لإنتاج القطع الأثرية.&nbsp;</p>\r\n\r\n<p>تمت الإشارة إليه في الكتابات الأوروبية في وقت مبكر من القرن السادس عشر، ولكن لم يتم التحقيق فيه من قبل العلماء حتى نشر أنطونيو دي أولوا تقريرًا عن معدن جديد من أصل كولومبي في عام 1748.</p>\r\n\r\n<p>يستخدم البلاتين في المحولات الحفازة، ومعدات المختبرات، والملامسات الكهربائية والأقطاب الكهربائية، ومقاييس الحرارة المقاومة البلاتينية، ومعدات طب الأسنان، والمجوهرات.&nbsp;</p>\r\n\r\n<p>كونه معدنًا ثقيلًا، فإنه يؤدي إلى مشاكل صحية عند التعرض لأملاحه، ولكن نظرًا لمقاومته للتآكل، فهو ليس سامًا مثل بعض المعادن.&nbsp;</p>\r\n\r\n<p>يتم تطبيق المركبات التي تحتوي على البلاتين، وعلى الأخص سيسبلاتين، في العلاج الكيميائي ضد أنواع معينة من السرطان.</p>', '6RiK6K8xXEMr8n6DR3LqVNxC9Bq5g6LiKOcpqmM9.jpg', 11, '2022-09-17 12:23:36', '2022-09-17 12:23:36'),
(57, 'الجيولوجي المصري فاروق الباز', '<p><strong>البطاقة التعريفية للجيولوجي فاروق الباز:</strong></p>\r\n\r\n<p>- الاسم بالكامل: فاروق السيد الباز.</p>\r\n\r\n<p>- محل الميلاد: مدينة الزقازيق بجمهورية مصر العربية.</p>\r\n\r\n<p>- تاريخ الميلاد: 2 يناير 1938 ميلادياً.</p>\r\n\r\n<p>- المؤهل: دكتوراة في الجيولوجيا الاقتصادية.</p>\r\n\r\n<p>- الوظيفة الأم: جيولوجي.</p>\r\n\r\n<p>- الوظائف الأخرى: فلكي وعالم فضاء.</p>\r\n\r\n<p>- الوظائف الإدارية: مستشار علمي سابق لرئيس جمهورية مصر العربية الراحل محمد أنور السادات، وكذلك أيضاً شغل نفس المنصب في عهد الرئيس المصري محمد حسني مبارك.</p>\r\n\r\n<p>- الوظائف الحالية: أستاذ البحث العلمي، ومدير مركز الاستشعار عن بعد في&nbsp;جامعة بوسطن، في بوسطن بماساتشوستس، كما أنه أستاذ مساعد للجيولوجيا في جامعة عين شمس في القاهرة بمصر<span dir=\"LTR\">.</span></p>\r\n\r\n<p>- جهة العمل: وكالة الفضاء الأمريكية ناسا.</p>\r\n\r\n<p>- الحالة الاجتماعية: متزوج من السيدة باتريشيا الباز، ولديه أربع بنات، وهن.. كريمة، فيروز، ثريا، ومنيرة. &nbsp;</p>\r\n\r\n<p>- الانتماءات العلمية: جامعتي عين شمس وأسيوط بجمهورية مصر العربية، وجامعة بوسطن بالولايات المتحدة الأمريكية، وجامعة هايدلبرغ بألمانيا.</p>\r\n\r\n<p>- موطنه الأم: مصر (جمهورية مصر العربية).</p>\r\n\r\n<p>- موطنه الحالي: أمريكا (الولايات المتحدة الأمريكية).</p>\r\n\r\n<p>&nbsp;</p>\r\n\r\n<p><strong>الجيولوجي فاروق الباز في سطور: </strong></p>\r\n\r\n<p>وُلِدَ الجيولوجي فاروق الباز في مدينة الزقازيق، بمصر، وتلقى تعليمه الأساسي هناك، إلى أن أنتقل إلى القاهرة، حيث سكن أسرته الجديد، لتتواكب وتتموضع أسرته برئاسة والده الشيخ سيد الباز في البيئة الجديدة حيث عمله، وحصل الباز على شهادة الثانوية العامة، وكان حلمه أن يصبح جراحاً للمخ، ولكن نتيجته بالثانوية العامة لم تؤهله لذلك، فاختار الباز مساراً علمياً مختلفاً كل الاختلاف عن كل التخصصات الطبية، حيث اختار أن يدرس العلوم الطبيعية والتطبيقية، فالتحق بكلية العلوم جامعة عين شمس، وتخصص في الجيولوجيا والكيمياء، وبعد أربعة أعوام، حصل على الشهادة الجامعية الأولى، وانتقل بعدها إلى مدينة أسيوط، حيث عمله لأول مرة في المجال الأكاديمي معيداً بقسم الجيولوجيا بكلية العلوم جامعة أسيوط، لأنه كان من ضمن الخمسة الأوائل، وكان قد صدر قرار بتعينهم معيدين، لم تهدأ نفسية الباز، بل حاول وحاول كثيراً ومِراراً أن يكمل دراسته بالخارج، ولاسيما بالولايات المتحدة الأمريكية حيث كثرة المناجم والمحاجر هناك، وبالطبع حصل على منحة دراسية هناك، وحصل على درجتي الماجستير والدكتوراة في الجيولوجيا، وتخصص في الجيولوجيا الاقتصادية، وحصل بذلك التخصص على الدكتوراة عن بحثٍ له عن رواسب الرصاص والفضة بأحد مناجم ولاية ميسوري بأمريكا، سافر الباز بعد حصوله على درجة الدكتوراة إلى ألمانيا، حيث عمله الجديد كأستاذ للجيولوجيا بقسم علوم الأرض والجيولوجيا بجامعة هايدلبرغ. تزوج الجيولوجي المصري العربي الأكثر شهرةً والأعلى تأثيراً من السيدة باتريشيا، وهي أمريكية الأصل، وأنجبا أربعة بنات، حاول الباز أن يؤسس مركز ومدرسة في الجيولوجيا الاقتصادية بمصر بجامعته الأم عين شمس بمصر، حيث كان يعتقد أنها ستكون أول مدرسة جيولوجية مصرية عربية تتخصص في الجيولوجيا الاقتصادية، ولكن تمَّ محاربته ومطاردة حلمه، الذي كان يسعى دوماً عليه، لِذا قرر السفر مرةً أخرى إلى أمريكا ليعمل في عدة أعمال حُرة ليوفر لأسرته وبنتيه الاثنتين (في ذلك الوقت كان أباً لبنتين فقط وكان لم ينجب الاثنتين الأصغر بعد)، وقد كتب العديد من جوابات العمل للعديد من الجامعات والمناجم وشركات البترول وكل ما له علاقة بعلم الجيولوجيا، وقد بلغت هذه الجوابات بالضبط 121 جواب، ولم يُأخذ أي منهم بعين الاعتبار، إلا الجواب رقم 122 فقط، وهو الجواب الذي أُرسِل إلى وكالة الفضاء الأمريكية ناسا، وبعد الباز رحلته وعطاءه الإنساني النبيل في وكالة من أهم وكالات الفضاء منذ بدايتها، ليساعد في هبوط أو بشري (آدمي) على سطح القمر، حيث كانت وظيفة الباز أن يختار موطأ هبوط مركبة الفضاء على سطح القمر، تمهيداً لخروج نيل أرمسترونج من المركبة ليهبطَ على سطح القمر الوحيد التابع للأرض، بعد عمله في ناسا، وبعد أن أثبت نفسه ومدى عبقريته الجيولوجية الفذة، عَمِل الباز على تصوير جميع أرجاء وأنحاء بلده الغالي مصر من الفضاء، ليقدم مشروع ممر التنمية، وهو مشروع يهدف إلى عمل محور موازٍ لمحور النيل، ليساعدَ في حل التكدس والازدحام السكاني الذي سوف يحدث (من وجهة نظره) في المستقبل، ليخرج لنَا بكتاب عن هذا المشروع.</p>\r\n\r\n<p>&nbsp;</p>\r\n\r\n<p><strong>بدايات حياة الجيولوجي فاروق الباز: </strong></p>\r\n\r\n<p>تربى الجيولوجي فاروق الباز في بيئة دينة سويَّة اجتماعياً ونفسياً، وظروف علمية بحتة، حيث كان والده شيخاً أزهرياً يعمل مدرساً بالأزهر الشريف بجمهورية مصر العربية، وكان الباز ذو خيال واسع وحِس مرهف، حيث كان في الأعوام الأولى من حياته، وقبل بناء السد العالي بمصر، يقف على النيل ويشاهد الفيضان وجريان الماء والطمي على مدخل النهر، لذا أحب الطبيعة، ومن أهم الأسباب الأخرى التي جعلته يقرر الالتحاق بالجامع ليدرس الجيولوجيا، أنه كان عضواً في فريق الكشافة المدرسية وهو في المرحلة الابتدائية، وكان محب لجمع الصخور وعمل فحوصات حقلية عليها، رغم أنه كان لا يزال صغيراً، ومن هنا قرر الباز أن يلتحق بكلية العلوم لدراسة علم الجيولوجيا، بعد اخفاقه عن الوصول لكلية الطب حيث جراحة المخ، ومن هنا نتعلم منه المرونة في تحقيق ووضع الأهداف. كان الشيخ سيد الباز (والده) يجمه أولاده (من بينهم فاروق) ليحكي لهم قصص الأنبياء، ولاسيما قصة سيدنا محمد (صلى الله عليه وسلم)، وسيرته النبوية، وكان يركز على انتقاله من مكة إلى المدينة، وكيف كان سيدنا محمد محباً لوطنه الأم مكة، ومن هنا تعلم فاروق الباز حب الوطن وكيفية حمايته والدفاع عنه وخدمته، ونتيجةً لتأثر الباز الصغير (فاروق) بحكايات والده، أحبَّ الباز وطنه، ومن هنا بدء خدمته، ونتيجةً لذلك قدَّم الباز مشروع ممر التنمية خدمةً لوطنه الأم مصر.</p>\r\n\r\n<p>&nbsp;</p>\r\n\r\n<p>&nbsp;</p>\r\n\r\n<p><strong>مناصب الجيولوجي فاروق الباز العلمية: </strong></p>\r\n\r\n<p>- مدير مركز تطبيقات&nbsp;الاستشعار عن بعد، في&nbsp;جامعة بوسطن، بالولايات المتحدة الأمريكية.</p>\r\n\r\n<p>- نائب رئيس العلوم والتكنولوجيا، بمؤسسة آيتك لأجهزة التصوير بمدينة لكسنجتون، بولاية&nbsp;ماساتشوستس.</p>\r\n\r\n<p>- مؤسس ومدير مركز دراسات الأرض والكون، في المتحف الوطني للجو والفضاء، بمؤسسة سميثسونيان بواشنطن، عاصمة الولايات المتحدة الأمريكية.</p>\r\n\r\n<p>- رئيس لجنة تدريب رواد الفضاء على جمع العينات الصخرية واقتلاعها من القمر.</p>\r\n\r\n<p>- مقيِّم ومُشرِف على الرحلات المدارية للقمر بوكالة الفضاء الأمريكية ناسا.</p>\r\n\r\n<p>- رئيس أبحاث التجارب الخاصة بالمراقبات الأرضية من الفضاء والتصوير وذلك في مشروع الرحلة الفضائية المشتركة أبولو &ndash; سويوز.</p>\r\n\r\n<p>- أستاذا مساعداً، بكلية العلوم قسم الجيولوجيا، بجامعة عين شمس، بجمهورية مصر العربية.</p>\r\n\r\n<p>- مدرساً لمادة الجيولوجيا، بكلية العلوم جامعة أسيوط، بمصر.</p>\r\n\r\n<p>- مدرساً لمادة الجيولوجيا، بقسم الجيولوجيا، بجامعة هايدلبرغ بألمانيا.</p>\r\n\r\n<p>&nbsp;</p>\r\n\r\n<p><strong>اسهامات الجيولوجي فاروق الباز في إثراء المكتبة العربية:</strong></p>\r\n\r\n<p>ألَّف الجيولوجي والعالم الفلكي الكبير فاروق الباز اِثنَى عشرَ كتاباً، من أشهرها: (حرب الخليج والبيئة)، (الصحراء والأراضي الجافة)، (أبلو فوق القمر)، وأخيراً من أهمها: (ممر التنمية.. وسيلة لتأمين مستقبل الأجيال القادمة في مصر).</p>\r\n\r\n<p>&nbsp;</p>\r\n\r\n<p><strong>جوائز حصل عليها الجيولوجي فاروق الباز: </strong></p>\r\n\r\n<p>حصل الباز على عشرات الجوائز والأوسمة الرفيعة، من عدة دول عربية وغير عربية، في تقديرٍ علمي عالمي غير مسبوق، كما حصل على العديد من درجات الدكتوراة، منها: الدكتوراة الفخرية في العلوم من جامعة نيو انجلاند، بالولايات المتحدة الأمريكية، عام 1989، والدكتوراة الفخرية من جامعة المنصورة، بجمهورية مصر العربية، عام 2003، وكذلك نفس الدرجة الفخرية في القانون من الجامعة الأمريكية بالقاهرة، بجمهورية مصر العربية، عام 2004، وحصل في نفس العام سالف الذكر على الدكتوراة الفخرية في الهندسة، من جامعة ميزوري للعلوم والتكنولوجيا، بالولايات المتحدة الأمريكية، كما نال على درجة الأستاذية من نفس الجامعة سالفة الذكر في الجيولوجيا عام 2002. كذلك وكُرِمَ في عِدة مرات، وحصلَ على أكثر من تكريم، ومن أهما:</p>\r\n\r\n<p>- جائزة أبولو للإنجاز العلمي المرموق، وجائزة الميدالية المميزة للعلوم، وجائزة تدريب فريق البعثات، من وكالة الفضاء الأمريكية ناسا.</p>\r\n\r\n<p>- جائزة الباب الذهبي من المعهد الدولي ببوسطن.</p>\r\n\r\n<p>- جائزة فريق العمل في مشروع أبولو الأمريكي السوفييتي.</p>\r\n\r\n<p>- ميدالية نيفادا لمعهد الأبحاث الصحراوية.</p>\r\n\r\n<p>- جائزة الريادة من مؤسسة الفكر العربي<span dir=\"LTR\">.</span></p>\r\n\r\n<p>- جائزة الاستحقاق المصرية، من الدرجة الأولى الممتازة، من الرئيس المصري الراحل محمد أنور السادات.</p>\r\n\r\n<p>- وعلى المستوى المحلي، حصل الجيولوجي فروق الباز على جائزة الابن المميز من محافظة الدقهلية.</p>\r\n\r\n<p>&nbsp;</p>\r\n\r\n<p>هكذا كانت حياة الجيولوجي العربي والمصري فاروق الباز، الذي شرف العرب بإسهاماته العلمية العالمية منذ عمل بجامعة هايدلبرغ بألمانيا، وبعد ذلك إذ انتقل إلى وكالة الفضاء الأمريكية ناسا لأبحاث الفضاء واستكشاف القمر جيولوجياً، وها هو ابن الوطن العربي والمصري البار فاروق الباز يثبت مدى مرونة العربي في التأقلم مع الظروف حتى وإن كانت قاسية، ويثبت أيضاً مدى قدرة العربي على إثبات نفسه، وجلس ذات العلم المفيد.. ابن مصر البار.. وابن وطننا العربي الفذ.. الجيولوجي فاروق الباز يوماً على أحد مكاتب وكالة ناسا باحثاً عن أهم أماكن هبوط بعثة أبولو لاستكشاف القمر (كما قلنا) جيولوجياً، وها هو قد نجح كعادة أي عربي حتى وإن كانت الظروف غير مناسبة حيث صدمته الحضارية والتي تمثلت في عدم إجادته للغة الإنجليزية في هذا الوقت، ولكنه كعادة أي عربي قد تغلَّب عليها، ومن سيرته الذاتية نكتسب صفة المرونة والتواضع والتلقائية، وهكذا كان فاروق الباز، الجيولوجي العربي المصري.</p>', 'fxrGswTsv1TNUHKZnWk1b2TJZliUWriOJXKLgpPo.jpg', 19, '2022-09-20 10:29:25', '2022-11-08 10:51:03');

-- --------------------------------------------------------

--
-- Table structure for table `roles`
--

CREATE TABLE `roles` (
  `id` bigint(20) UNSIGNED NOT NULL,
  `name` varchar(255) NOT NULL,
  `display_name` varchar(255) DEFAULT NULL,
  `description` varchar(255) DEFAULT NULL,
  `created_at` timestamp NULL DEFAULT NULL,
  `updated_at` timestamp NULL DEFAULT NULL
) ENGINE=InnoDB DEFAULT CHARSET=utf8mb4 COLLATE=utf8mb4_unicode_ci;

--
-- Dumping data for table `roles`
--

INSERT INTO `roles` (`id`, `name`, `display_name`, `description`, `created_at`, `updated_at`) VALUES
(1, 'super_admin', 'Super Admin', 'Super Admin', '2022-07-08 09:01:55', '2022-07-08 09:01:55'),
(2, 'admin', 'Admin', 'Admin', '2022-07-08 09:01:55', '2022-07-08 09:01:55');

-- --------------------------------------------------------

--
-- Table structure for table `role_user`
--

CREATE TABLE `role_user` (
  `role_id` bigint(20) UNSIGNED NOT NULL,
  `user_id` bigint(20) UNSIGNED NOT NULL,
  `user_type` varchar(255) NOT NULL
) ENGINE=InnoDB DEFAULT CHARSET=utf8mb4 COLLATE=utf8mb4_unicode_ci;

--
-- Dumping data for table `role_user`
--

INSERT INTO `role_user` (`role_id`, `user_id`, `user_type`) VALUES
(1, 1, 'App\\Models\\Admin'),
(1, 1, 'App\\Models\\User');

-- --------------------------------------------------------

--
-- Table structure for table `sliders`
--

CREATE TABLE `sliders` (
  `id` bigint(20) UNSIGNED NOT NULL,
  `created_at` timestamp NULL DEFAULT NULL,
  `updated_at` timestamp NULL DEFAULT NULL
) ENGINE=InnoDB DEFAULT CHARSET=utf8mb4 COLLATE=utf8mb4_unicode_ci;

-- --------------------------------------------------------

--
-- Table structure for table `users`
--

CREATE TABLE `users` (
  `id` bigint(20) UNSIGNED NOT NULL,
  `name` varchar(255) NOT NULL,
  `email` varchar(255) NOT NULL,
  `email_verified_at` timestamp NULL DEFAULT NULL,
  `password` varchar(255) NOT NULL,
  `remember_token` varchar(100) DEFAULT NULL,
  `created_at` timestamp NULL DEFAULT NULL,
  `updated_at` timestamp NULL DEFAULT NULL
) ENGINE=InnoDB DEFAULT CHARSET=utf8mb4 COLLATE=utf8mb4_unicode_ci;

--
-- Dumping data for table `users`
--

INSERT INTO `users` (`id`, `name`, `email`, `email_verified_at`, `password`, `remember_token`, `created_at`, `updated_at`) VALUES
(1, 'Metwally Hamza', 'geophilia@app.com', NULL, '$2y$10$fq0KxN8PoKnlLyoBPwLMBeilmVWeMSUckzDSgY2vMi0kngHXeIJ26', NULL, '2022-07-08 09:01:56', '2022-07-16 10:29:35'),
(3, 'admin', 'admin@admin.com', NULL, '$2y$10$nYH3nRrGFYoWQj8hAfUNH.rNurnf4U5H0kNibZmKWg2tvH8SAdBjW', NULL, '2022-07-16 10:16:49', '2022-09-19 16:17:14'),
(5, 'publisher', 'publisher@admin.com', NULL, 'publisher123', NULL, '2022-09-10 17:48:40', '2022-09-10 17:48:40');

-- --------------------------------------------------------

--
-- Table structure for table `voices`
--

CREATE TABLE `voices` (
  `id` bigint(20) UNSIGNED NOT NULL,
  `title` varchar(255) NOT NULL,
  `details` varchar(255) NOT NULL,
  `audio` varchar(255) NOT NULL,
  `created_at` timestamp NULL DEFAULT NULL,
  `updated_at` timestamp NULL DEFAULT NULL
) ENGINE=InnoDB DEFAULT CHARSET=utf8mb4 COLLATE=utf8mb4_unicode_ci;

--
-- Dumping data for table `voices`
--

INSERT INTO `voices` (`id`, `title`, `details`, `audio`, `created_at`, `updated_at`) VALUES
(3, 'ما هي أشهر صخور القمر؟', 'في هذا المقطع الصوتي، ننقل لمسامعكم أشهر الصخور المنتشرة على سطح القمر. طابت مسامعكم! ونتمنى لكم الاستمتاع بعلوم الأرض والجيولوجيا. بصوت: وُد المُعلم', '1662201351.m4a', '2022-07-21 05:54:21', '2022-09-03 10:35:51'),
(4, 'ماهو معنى مصطلح معادن الفلسباثويد؟', 'في هذا المقطع الصوتي، تقدم لكم مبادرة جيوفيليا التعريف الدقيق لمصطلح الفلسباثويد وأشهر معادنه، طابت مسامعكم! ونتمنى لكم الاستمتاع بعلوم الأرض والجيولوجيا. بصوت: وُد المُعلم', '1662201405.m4a', '2022-08-02 00:09:36', '2022-09-03 10:36:45'),
(5, 'ما هو التركيب الداخلي للقمر؟', 'في هذا المقطع الصوتي تقدم لكم مبادرة جيوفيليا لتبسيط العلوم الجيولوجية... التركيب الداخلي للقمر وبنيته التفصيلية. بصوت: هاجر التهامي', '1662201254.m4a', '2022-09-03 10:34:14', '2022-09-03 10:34:14'),
(6, 'ما هي أشهر تضاريس سطح القمر؟', 'في هذا المقطع الصوتي، ننقل لمسامعكم أشهر التضاريس والأشكال الجيومورفولوجية المنتشرة على سطح القمر. طابت مسامعكم! ونتمنى لكم الاستمتاع بعلوم الأرض والجيولوجيا. بصوت: وُد المُعلم', '1664887669.m4a', '2022-10-04 12:40:42', '2022-10-04 12:47:50');

--
-- Indexes for dumped tables
--

--
-- Indexes for table `admins`
--
ALTER TABLE `admins`
  ADD PRIMARY KEY (`id`),
  ADD UNIQUE KEY `admins_email_unique` (`email`);

--
-- Indexes for table `brands`
--
ALTER TABLE `brands`
  ADD PRIMARY KEY (`id`);

--
-- Indexes for table `failed_jobs`
--
ALTER TABLE `failed_jobs`
  ADD PRIMARY KEY (`id`),
  ADD UNIQUE KEY `failed_jobs_uuid_unique` (`uuid`);

--
-- Indexes for table `footers`
--
ALTER TABLE `footers`
  ADD PRIMARY KEY (`id`);

--
-- Indexes for table `main_categories`
--
ALTER TABLE `main_categories`
  ADD PRIMARY KEY (`id`);

--
-- Indexes for table `migrations`
--
ALTER TABLE `migrations`
  ADD PRIMARY KEY (`id`);

--
-- Indexes for table `orders`
--
ALTER TABLE `orders`
  ADD PRIMARY KEY (`id`);

--
-- Indexes for table `password_resets`
--
ALTER TABLE `password_resets`
  ADD KEY `password_resets_email_index` (`email`);

--
-- Indexes for table `permissions`
--
ALTER TABLE `permissions`
  ADD PRIMARY KEY (`id`),
  ADD UNIQUE KEY `permissions_name_unique` (`name`);

--
-- Indexes for table `permission_role`
--
ALTER TABLE `permission_role`
  ADD PRIMARY KEY (`permission_id`,`role_id`),
  ADD KEY `permission_role_role_id_foreign` (`role_id`);

--
-- Indexes for table `permission_user`
--
ALTER TABLE `permission_user`
  ADD PRIMARY KEY (`user_id`,`permission_id`,`user_type`),
  ADD KEY `permission_user_permission_id_foreign` (`permission_id`);

--
-- Indexes for table `personal_access_tokens`
--
ALTER TABLE `personal_access_tokens`
  ADD PRIMARY KEY (`id`),
  ADD UNIQUE KEY `personal_access_tokens_token_unique` (`token`),
  ADD KEY `personal_access_tokens_tokenable_type_tokenable_id_index` (`tokenable_type`,`tokenable_id`);

--
-- Indexes for table `reviews`
--
ALTER TABLE `reviews`
  ADD PRIMARY KEY (`id`),
  ADD KEY `reviews_cat_id_foreign` (`cat_id`);

--
-- Indexes for table `roles`
--
ALTER TABLE `roles`
  ADD PRIMARY KEY (`id`),
  ADD UNIQUE KEY `roles_name_unique` (`name`);

--
-- Indexes for table `role_user`
--
ALTER TABLE `role_user`
  ADD PRIMARY KEY (`user_id`,`role_id`,`user_type`),
  ADD KEY `role_user_role_id_foreign` (`role_id`);

--
-- Indexes for table `sliders`
--
ALTER TABLE `sliders`
  ADD PRIMARY KEY (`id`);

--
-- Indexes for table `users`
--
ALTER TABLE `users`
  ADD PRIMARY KEY (`id`),
  ADD UNIQUE KEY `users_email_unique` (`email`);

--
-- Indexes for table `voices`
--
ALTER TABLE `voices`
  ADD PRIMARY KEY (`id`);

--
-- AUTO_INCREMENT for dumped tables
--

--
-- AUTO_INCREMENT for table `admins`
--
ALTER TABLE `admins`
  MODIFY `id` bigint(20) UNSIGNED NOT NULL AUTO_INCREMENT, AUTO_INCREMENT=2;

--
-- AUTO_INCREMENT for table `brands`
--
ALTER TABLE `brands`
  MODIFY `id` bigint(20) UNSIGNED NOT NULL AUTO_INCREMENT;

--
-- AUTO_INCREMENT for table `failed_jobs`
--
ALTER TABLE `failed_jobs`
  MODIFY `id` bigint(20) UNSIGNED NOT NULL AUTO_INCREMENT;

--
-- AUTO_INCREMENT for table `footers`
--
ALTER TABLE `footers`
  MODIFY `id` bigint(20) UNSIGNED NOT NULL AUTO_INCREMENT, AUTO_INCREMENT=11;

--
-- AUTO_INCREMENT for table `main_categories`
--
ALTER TABLE `main_categories`
  MODIFY `id` bigint(20) UNSIGNED NOT NULL AUTO_INCREMENT, AUTO_INCREMENT=22;

--
-- AUTO_INCREMENT for table `migrations`
--
ALTER TABLE `migrations`
  MODIFY `id` int(10) UNSIGNED NOT NULL AUTO_INCREMENT, AUTO_INCREMENT=14;

--
-- AUTO_INCREMENT for table `orders`
--
ALTER TABLE `orders`
  MODIFY `id` bigint(20) UNSIGNED NOT NULL AUTO_INCREMENT;

--
-- AUTO_INCREMENT for table `permissions`
--
ALTER TABLE `permissions`
  MODIFY `id` bigint(20) UNSIGNED NOT NULL AUTO_INCREMENT, AUTO_INCREMENT=21;

--
-- AUTO_INCREMENT for table `personal_access_tokens`
--
ALTER TABLE `personal_access_tokens`
  MODIFY `id` bigint(20) UNSIGNED NOT NULL AUTO_INCREMENT;

--
-- AUTO_INCREMENT for table `reviews`
--
ALTER TABLE `reviews`
  MODIFY `id` bigint(20) UNSIGNED NOT NULL AUTO_INCREMENT, AUTO_INCREMENT=59;

--
-- AUTO_INCREMENT for table `roles`
--
ALTER TABLE `roles`
  MODIFY `id` bigint(20) UNSIGNED NOT NULL AUTO_INCREMENT, AUTO_INCREMENT=3;

--
-- AUTO_INCREMENT for table `sliders`
--
ALTER TABLE `sliders`
  MODIFY `id` bigint(20) UNSIGNED NOT NULL AUTO_INCREMENT;

--
-- AUTO_INCREMENT for table `users`
--
ALTER TABLE `users`
  MODIFY `id` bigint(20) UNSIGNED NOT NULL AUTO_INCREMENT, AUTO_INCREMENT=6;

--
-- AUTO_INCREMENT for table `voices`
--
ALTER TABLE `voices`
  MODIFY `id` bigint(20) UNSIGNED NOT NULL AUTO_INCREMENT, AUTO_INCREMENT=7;

--
-- Constraints for dumped tables
--

--
-- Constraints for table `permission_role`
--
ALTER TABLE `permission_role`
  ADD CONSTRAINT `permission_role_permission_id_foreign` FOREIGN KEY (`permission_id`) REFERENCES `permissions` (`id`) ON DELETE CASCADE ON UPDATE CASCADE,
  ADD CONSTRAINT `permission_role_role_id_foreign` FOREIGN KEY (`role_id`) REFERENCES `roles` (`id`) ON DELETE CASCADE ON UPDATE CASCADE;

--
-- Constraints for table `permission_user`
--
ALTER TABLE `permission_user`
  ADD CONSTRAINT `permission_user_permission_id_foreign` FOREIGN KEY (`permission_id`) REFERENCES `permissions` (`id`) ON DELETE CASCADE ON UPDATE CASCADE;

--
-- Constraints for table `reviews`
--
ALTER TABLE `reviews`
  ADD CONSTRAINT `reviews_cat_id_foreign` FOREIGN KEY (`cat_id`) REFERENCES `main_categories` (`id`) ON DELETE CASCADE;

--
-- Constraints for table `role_user`
--
ALTER TABLE `role_user`
  ADD CONSTRAINT `role_user_role_id_foreign` FOREIGN KEY (`role_id`) REFERENCES `roles` (`id`) ON DELETE CASCADE ON UPDATE CASCADE;
COMMIT;

/*!40101 SET CHARACTER_SET_CLIENT=@OLD_CHARACTER_SET_CLIENT */;
/*!40101 SET CHARACTER_SET_RESULTS=@OLD_CHARACTER_SET_RESULTS */;
/*!40101 SET COLLATION_CONNECTION=@OLD_COLLATION_CONNECTION */;
